__run_id,__done,function_name,version,cpu_time,memory_usage,avg_cpu_time,avg_memory_usage,total_cpu_time,total_memory_usage,total_energy
run_0_repetition_0,DONE,Fibonacci,normal,0.000483;0.702378;4.207722,3.66;8.51;2.38,1.636861,4.85,4.914176,14.55,37.407493
run_1_repetition_0,DONE,Fibonacci,memoized,0.000690;0.000491;0.000377,4.02;10.20;3.99,0.000519,6.07,0.004638,18.20,0.000000
run_2_repetition_0,DONE,Knapsack,normal,0.000661;0.226983;0.591625,1.92;12.11;1.69,0.273090,5.24,0.822170,15.72,2.248012
run_3_repetition_0,DONE,Knapsack,memoized,0.000715;0.011258;0.019381,2.82;120.63;264.07,0.010451,129.17,0.034242,387.51,0.122753
run_4_repetition_0,DONE,Coin Change,normal,0.004148;0.102514;5.913327,6.12;5.35;4.64,2.006663,5.37,6.024054,16.11,59.734281
run_5_repetition_0,DONE,Coin Change,memoized,0.000674;0.000906;0.000570,6.55;5.68;5.31,0.000717,5.85,0.004816,17.54,0.000000
run_6_repetition_0,DONE,Levenshtein Distance,normal,0.009060;0.024943;8.299275,6.75;2.17;4.27,2.777759,4.40,8.336882,13.19,82.183685
run_7_repetition_0,DONE,Levenshtein Distance,memoized,0.001175;0.000551;0.001226,9.70;5.05;9.45,0.000984,8.07,0.006557,24.20,0.000000
run_8_repetition_0,DONE,Factorial,normal,0.002164;0.481155;1.590448,41.23;2120.77;3814.47,0.691256,1992.16,2.077647,5976.47,18.691598
run_9_repetition_0,DONE,Factorial,memoized,0.002741;0.598863;0.406828,52.83;16975.85;41979.58,0.336144,19669.42,1.011613,59008.26,8.567804
run_10_repetition_0,DONE,Matrix Chain Multiplication,normal,0.009979;0.307453;2.297859,4.56;3.07;2.20,0.871763,3.28,2.619179,9.83,22.767936
run_11_repetition_0,DONE,Matrix Chain Multiplication,memoized,0.001954;0.002267;0.001875,6.25;5.53;6.47,0.002032,6.08,0.009859,18.25,0.000000
run_12_repetition_0,DONE,Can I Win,normal,0.002648;0.686592;1.664420,3.27;2.38;1.46,0.784553,2.37,2.357086,7.12,19.114167
run_13_repetition_0,DONE,Can I Win,memoized,0.001888;0.036934;0.061574,6.41;142.86;289.07,0.033465,146.12,0.102628,438.35,0.303552
run_14_repetition_0,DONE,K-equal Sum Partitions,normal,0.001096;0.023751;0.117797,10.26;143.49;291.90,0.047548,148.55,0.146159,445.65,0.179285
run_15_repetition_0,DONE,K-equal Sum Partitions,memoized,0.001138;0.029594;0.170308,10.08;159.46;332.16,0.067014,167.23,0.204094,501.70,0.165060
run_16_repetition_0,DONE,All Possible Full Binary Trees,normal,0.003970;0.707292;2.917637,19.12;19781.07;65674.71,1.209633,28491.63,3.631605,85474.90,29.463821
run_17_repetition_0,DONE,All Possible Full Binary Trees,memoized,0.001621;0.082469;0.252549,6.61;3710.21;9214.40,0.112213,4310.41,0.339654,12931.22,1.038635
run_0_repetition_1,DONE,Fibonacci,normal,0.000749;0.647371;4.038924,3.66;8.51;2.38,1.562348,4.85,4.690927,14.55,48.229848
run_1_repetition_1,DONE,Fibonacci,memoized,0.000703;0.000629;0.000390,4.02;10.20;3.99,0.000574,6.07,0.005561,18.20,0.000000
run_2_repetition_1,DONE,Knapsack,normal,0.000556;0.215268;0.580918,1.92;12.11;1.69,0.265581,5.24,0.800335,15.72,1.837639
run_3_repetition_1,DONE,Knapsack,memoized,0.000719;0.009906;0.016905,2.82;120.63;264.07,0.009177,129.17,0.029711,387.51,0.122512
run_4_repetition_1,DONE,Coin Change,normal,0.003932;0.095232;5.897000,6.12;5.35;4.64,1.998722,5.37,5.999008,16.11,41.390846
run_5_repetition_1,DONE,Coin Change,memoized,0.000829;0.000875;0.001019,6.55;5.68;5.31,0.000908,5.85,0.006284,17.54,0.000000
run_6_repetition_1,DONE,Levenshtein Distance,normal,0.010460;0.027698;8.586342,6.75;2.17;4.27,2.874834,4.40,8.627627,13.19,76.417608
run_7_repetition_1,DONE,Levenshtein Distance,memoized,0.001310;0.000597;0.000894,9.70;5.05;9.45,0.000934,8.07,0.006389,24.20,0.000000
run_8_repetition_1,DONE,Factorial,normal,0.002362;0.467514;1.663961,41.23;2120.77;3814.47,0.711279,1992.16,2.137689,5976.47,15.536718
run_9_repetition_1,DONE,Factorial,memoized,0.002713;0.612806;0.363276,52.83;16975.85;41979.58,0.326265,19669.42,0.982381,59008.26,4.915716
run_10_repetition_1,DONE,Matrix Chain Multiplication,normal,0.009697;0.251127;2.314913,4.56;3.07;2.20,0.858579,3.28,2.578501,9.83,22.583379
run_11_repetition_1,DONE,Matrix Chain Multiplication,memoized,0.002036;0.002308;0.001852,6.25;5.53;6.47,0.002065,6.08,0.009477,18.25,0.000000
run_12_repetition_1,DONE,Can I Win,normal,0.002152;0.648127;1.499842,3.27;2.38;1.46,0.716707,2.37,2.153266,7.12,19.433801
run_13_repetition_1,DONE,Can I Win,memoized,0.001833;0.042384;0.066601,6.41;142.80;289.01,0.036939,146.07,0.114370,438.22,0.411238
run_14_repetition_1,DONE,K-equal Sum Partitions,normal,0.001077;0.022486;0.111831,10.26;143.49;291.90,0.045131,148.55,0.137412,445.65,0.256704
run_15_repetition_1,DONE,K-equal Sum Partitions,memoized,0.001315;0.023698;0.173584,10.08;159.39;332.10,0.066199,167.19,0.200621,501.57,0.202378
run_16_repetition_1,DONE,All Possible Full Binary Trees,normal,0.003731;0.695288;2.833884,18.56;19781.12;65674.71,1.177634,28491.47,3.536689,85474.40,25.809530
run_17_repetition_1,DONE,All Possible Full Binary Trees,memoized,0.001396;0.083958;0.275448,5.98;3710.21;9214.40,0.120268,4310.20,0.363326,12930.59,0.723259
run_0_repetition_2,DONE,Fibonacci,normal,0.000683;0.669944;4.255163,3.66;8.51;2.38,1.641930,4.85,4.929206,14.55,37.872323
run_1_repetition_2,DONE,Fibonacci,memoized,0.000682;0.000648;0.000363,4.02;10.20;3.99,0.000564,6.07,0.005361,18.20,0.000000
run_2_repetition_2,DONE,Knapsack,normal,0.000338;0.234525;0.533135,1.92;12.11;1.69,0.255999,5.24,0.769924,15.72,2.908855
run_3_repetition_2,DONE,Knapsack,memoized,0.000713;0.016173;0.018706,2.82;120.63;264.07,0.011864,129.17,0.039247,387.51,0.216487
run_4_repetition_2,DONE,Coin Change,normal,0.004459;0.115381;5.796152,6.12;5.35;4.64,1.971997,5.37,5.919919,16.11,45.608880
run_5_repetition_2,DONE,Coin Change,memoized,0.001101;0.000851;0.001026,6.55;5.68;5.31,0.000993,5.85,0.005643,17.54,0.000000
run_6_repetition_2,DONE,Levenshtein Distance,normal,0.009306;0.028756;8.466472,6.75;2.17;4.27,2.834844,4.40,8.507306,13.19,71.724167
run_7_repetition_2,DONE,Levenshtein Distance,memoized,0.000978;0.000613;0.001139,9.70;4.99;9.38,0.000910,8.03,0.006179,24.08,0.000000
run_8_repetition_2,DONE,Factorial,normal,0.002207;0.554383;1.670135,41.23;2120.77;3814.47,0.742242,1992.16,2.229527,5976.47,21.157911
run_9_repetition_2,DONE,Factorial,memoized,0.002938;0.625915;0.330722,52.83;16975.85;41979.58,0.319858,19669.42,0.962291,59008.26,7.010970
run_10_repetition_2,DONE,Matrix Chain Multiplication,normal,0.008477;0.313530;2.304194,4.56;3.07;2.20,0.875400,3.28,2.629312,9.83,16.087950
run_11_repetition_2,DONE,Matrix Chain Multiplication,memoized,0.002015;0.001191;0.001771,6.25;5.53;6.47,0.001659,6.08,0.008911,18.25,0.000000
run_12_repetition_2,DONE,Can I Win,normal,0.002982;0.687200;1.621724,3.27;2.38;1.46,0.770636,2.37,2.314891,7.12,23.158665
run_13_repetition_2,DONE,Can I Win,memoized,0.001790;0.037029;0.060156,6.41;142.80;289.01,0.032991,146.07,0.102457,438.22,0.281010
run_14_repetition_2,DONE,K-equal Sum Partitions,normal,0.001203;0.031490;0.107456,10.26;143.49;291.90,0.046716,148.55,0.143634,445.65,0.326839
run_15_repetition_2,DONE,K-equal Sum Partitions,memoized,0.001340;0.025190;0.171761,10.08;159.39;332.10,0.066097,167.19,0.201662,501.57,0.189675
run_16_repetition_2,DONE,All Possible Full Binary Trees,normal,0.003270;0.723239;2.500361,17.44;19781.12;65674.71,1.075623,28491.09,3.230227,85473.27,24.119145
run_17_repetition_2,DONE,All Possible Full Binary Trees,memoized,0.001393;0.081643;0.268103,5.23;3709.84;9214.40,0.117046,4309.82,0.354350,12929.47,0.867894
run_0_repetition_3,DONE,Fibonacci,normal,0.000730;0.621975;4.038229,3.66;8.51;2.38,1.553645,4.85,4.664845,14.55,36.716911
run_1_repetition_3,DONE,Fibonacci,memoized,0.000647;0.000617;0.000235,4.02;10.20;3.99,0.000500,6.07,0.003893,18.20,0.000000
run_2_repetition_3,DONE,Knapsack,normal,0.000610;0.256569;0.636138,1.92;12.11;1.69,0.297772,5.24,0.896303,15.72,2.432840
run_3_repetition_3,DONE,Knapsack,memoized,0.000642;0.015203;0.012811,2.82;120.63;264.07,0.009552,129.17,0.032088,387.51,0.063445
run_4_repetition_3,DONE,Coin Change,normal,0.004479;0.103125;5.900223,6.12;5.35;4.64,2.002609,5.37,6.010570,16.11,51.032694
run_5_repetition_3,DONE,Coin Change,memoized,0.000691;0.000709;0.000871,6.55;5.68;5.31,0.000757,5.85,0.005762,17.54,0.000000
run_6_repetition_3,DONE,Levenshtein Distance,normal,0.009621;0.028761;8.545885,6.75;2.17;4.27,2.861422,4.40,8.586997,13.19,65.372281
run_7_repetition_3,DONE,Levenshtein Distance,memoized,0.001366;0.000286;0.001251,9.70;4.99;9.38,0.000968,8.03,0.006399,24.08,0.000000
run_8_repetition_3,DONE,Factorial,normal,0.002232;0.525133;1.608423,41.23;2120.77;3814.47,0.711929,1992.16,2.138419,5976.47,20.243326
run_9_repetition_3,DONE,Factorial,memoized,0.001721;0.629727;0.331797,52.83;16975.85;41979.58,0.321082,19669.42,0.965755,59008.26,5.014954
run_10_repetition_3,DONE,Matrix Chain Multiplication,normal,0.012059;0.319137;2.345492,4.56;3.07;2.20,0.892229,3.28,2.679930,9.83,21.277961
run_11_repetition_3,DONE,Matrix Chain Multiplication,memoized,0.002087;0.000948;0.001799,6.25;5.53;6.47,0.001611,6.08,0.008545,18.25,0.000000
run_12_repetition_3,DONE,Can I Win,normal,0.003289;0.670627;1.506441,3.27;2.38;1.46,0.726786,2.37,2.182726,7.12,20.070448
run_13_repetition_3,DONE,Can I Win,memoized,0.001395;0.046789;0.062261,6.41;142.80;289.01,0.036815,146.07,0.114428,438.22,0.600558
run_14_repetition_3,DONE,K-equal Sum Partitions,normal,0.001298;0.020838;0.116109,10.26;143.49;291.90,0.046082,148.55,0.140433,445.65,0.283413
run_15_repetition_3,DONE,K-equal Sum Partitions,memoized,0.000762;0.028349;0.174576,10.08;159.39;332.10,0.067896,167.19,0.206878,501.57,0.186315
run_16_repetition_3,DONE,All Possible Full Binary Trees,normal,0.003488;0.698398;2.646715,17.25;19781.12;65674.71,1.116200,28491.03,3.351561,85473.08,29.822987
run_17_repetition_3,DONE,All Possible Full Binary Trees,memoized,0.001308;0.080022;0.272545,5.23;3709.71;9214.40,0.117958,4309.78,0.357482,12929.34,0.804521
run_0_repetition_4,DONE,Fibonacci,normal,0.000777;0.630240;4.037379,3.66;8.51;2.38,1.556132,4.85,4.671413,14.55,43.625949
run_1_repetition_4,DONE,Fibonacci,memoized,0.000567;0.000658;0.000306,4.02;10.20;3.99,0.000510,6.07,0.004637,18.20,0.000000
run_2_repetition_4,DONE,Knapsack,normal,0.000361;0.220490;0.592219,1.92;12.11;1.69,0.271023,5.24,0.815865,15.72,1.687128
run_3_repetition_4,DONE,Knapsack,memoized,0.000666;0.014729;0.017327,2.82;120.63;264.07,0.010907,129.17,0.036389,387.51,0.114335
run_4_repetition_4,DONE,Coin Change,normal,0.003689;0.172471;5.718709,6.12;5.35;4.64,1.964957,5.37,5.897800,16.11,44.308436
run_5_repetition_4,DONE,Coin Change,memoized,0.002477;0.001333;0.001245,6.55;5.68;5.31,0.001685,5.85,0.010162,17.54,0.000000
run_6_repetition_4,DONE,Levenshtein Distance,normal,0.006588;0.028126;8.517532,6.75;2.17;4.27,2.850749,4.40,8.554376,13.19,78.879397
run_7_repetition_4,DONE,Levenshtein Distance,memoized,0.001458;0.000639;0.001280,9.70;4.99;9.38,0.001126,8.03,0.007155,24.08,0.000000
run_8_repetition_4,DONE,Factorial,normal,0.002672;0.477514;1.862064,41.23;2120.77;3814.47,0.780750,1992.16,2.345753,5976.47,17.104311
run_9_repetition_4,DONE,Factorial,memoized,0.002878;0.536915;0.397657,52.83;16975.85;41979.58,0.312483,19669.42,0.941026,59008.26,3.633305
run_10_repetition_4,DONE,Matrix Chain Multiplication,normal,0.012409;0.335100;2.362578,4.56;3.07;2.20,0.903362,3.28,2.713997,9.83,19.010404
run_11_repetition_4,DONE,Matrix Chain Multiplication,memoized,0.001541;0.002282;0.001846,6.25;5.53;6.47,0.001890,6.08,0.008565,18.25,0.000000
run_12_repetition_4,DONE,Can I Win,normal,0.003230;0.705092;1.510717,3.27;2.38;1.46,0.739680,2.37,2.222744,7.12,17.183488
run_13_repetition_4,DONE,Can I Win,memoized,0.001639;0.039790;0.060319,6.41;142.80;289.01,0.033916,146.07,0.105009,438.22,0.398209
run_14_repetition_4,DONE,K-equal Sum Partitions,normal,0.001272;0.028402;0.115463,10.26;143.49;291.90,0.048379,148.55,0.147872,445.65,0.303912
run_15_repetition_4,DONE,K-equal Sum Partitions,memoized,0.001320;0.023866;0.178675,10.08;159.39;332.10,0.067954,167.19,0.207172,501.57,0.254172
run_16_repetition_4,DONE,All Possible Full Binary Trees,normal,0.003157;0.700710;2.328158,17.25;19781.12;65674.71,1.010675,28491.03,3.035755,85473.08,25.764924
run_17_repetition_4,DONE,All Possible Full Binary Trees,memoized,0.001527;0.078280;0.292273,5.23;3709.71;9214.40,0.124027,4309.78,0.375500,12929.34,0.724051
run_0_repetition_5,DONE,Fibonacci,normal,0.000733;0.649883;3.987408,3.66;8.51;2.38,1.546008,4.85,4.641374,14.55,41.277237
run_1_repetition_5,DONE,Fibonacci,memoized,0.000722;0.000399;0.000401,4.02;10.20;3.99,0.000507,6.07,0.004314,18.20,0.000000
run_2_repetition_5,DONE,Knapsack,normal,0.000606;0.245997;0.560808,1.92;12.11;1.69,0.269137,5.24,0.811098,15.72,2.306081
run_3_repetition_5,DONE,Knapsack,memoized,0.000599;0.014981;0.013272,2.82;120.63;264.07,0.009618,129.17,0.031893,387.51,0.107879
run_4_repetition_5,DONE,Coin Change,normal,0.001918;0.110862;5.844637,6.12;5.35;4.64,1.985806,5.37,5.961260,16.11,57.183523
run_5_repetition_5,DONE,Coin Change,memoized,0.000893;0.000819;0.000875,6.55;5.68;5.31,0.000862,5.85,0.005896,17.54,0.000000
run_6_repetition_5,DONE,Levenshtein Distance,normal,0.010378;0.030883;8.363539,6.75;2.17;4.27,2.801600,4.40,8.408379,13.19,83.613476
run_7_repetition_5,DONE,Levenshtein Distance,memoized,0.001289;0.000322;0.001237,9.70;4.99;9.38,0.000949,8.03,0.005646,24.08,0.000000
run_8_repetition_5,DONE,Factorial,normal,0.001602;0.471359;1.721504,41.23;2120.77;3814.47,0.731489,1992.16,2.197326,5976.47,17.979079
run_9_repetition_5,DONE,Factorial,memoized,0.002899;0.590829;0.371725,52.83;16975.85;41979.58,0.321818,19669.42,0.969087,59008.26,6.509154
run_10_repetition_5,DONE,Matrix Chain Multiplication,normal,0.007871;0.292855;2.260688,4.56;3.07;2.20,0.853805,3.28,2.564631,9.83,17.936847
run_11_repetition_5,DONE,Matrix Chain Multiplication,memoized,0.001376;0.002298;0.001822,6.25;5.53;6.47,0.001832,6.08,0.008360,18.25,0.099490
run_12_repetition_5,DONE,Can I Win,normal,0.001685;0.763928;1.542366,3.27;2.38;1.46,0.769326,2.37,2.311013,7.12,18.922979
run_13_repetition_5,DONE,Can I Win,memoized,0.001807;0.034342;0.063033,6.41;142.80;289.01,0.033061,146.07,0.102687,438.22,0.475179
run_14_repetition_5,DONE,K-equal Sum Partitions,normal,0.001327;0.024314;0.113447,10.26;143.49;291.90,0.046363,148.55,0.142587,445.65,0.313124
run_15_repetition_5,DONE,K-equal Sum Partitions,memoized,0.001428;0.022717;0.175231,10.08;159.39;332.10,0.066458,167.19,0.202722,501.57,0.271451
run_16_repetition_5,DONE,All Possible Full Binary Trees,normal,0.003494;0.620391;2.730382,17.25;19781.12;65674.71,1.118089,28491.03,3.357062,85473.08,29.508012
run_17_repetition_5,DONE,All Possible Full Binary Trees,memoized,0.001421;0.080229;0.267560,5.23;3709.71;9214.40,0.116404,4309.78,0.352195,12929.34,0.727890
run_0_repetition_6,DONE,Fibonacci,normal,0.000793;0.682683;4.323329,3.66;8.51;2.38,1.668935,4.85,5.010336,14.55,39.708555
run_1_repetition_6,DONE,Fibonacci,memoized,0.000655;0.000629;0.000428,4.02;10.20;3.99,0.000570,6.07,0.004470,18.20,0.000000
run_2_repetition_6,DONE,Knapsack,normal,0.000506;0.230838;0.535191,1.92;12.11;1.69,0.255512,5.24,0.770432,15.72,1.783579
run_3_repetition_6,DONE,Knapsack,memoized,0.000730;0.013383;0.016391,2.82;120.63;264.07,0.010168,129.17,0.033036,387.51,0.086041
run_4_repetition_6,DONE,Coin Change,normal,0.004245;0.101748;5.735921,6.12;5.35;4.64,1.947304,5.37,5.846150,16.11,46.130286
run_5_repetition_6,DONE,Coin Change,memoized,0.001225;0.001256;0.001046,6.55;5.68;5.31,0.001176,5.85,0.006677,17.54,0.000000
run_6_repetition_6,DONE,Levenshtein Distance,normal,0.010353;0.031755;8.742404,6.75;2.17;4.27,2.928171,4.40,8.788189,13.19,64.444232
run_7_repetition_6,DONE,Levenshtein Distance,memoized,0.001239;0.000563;0.000580,9.70;4.99;9.38,0.000794,8.03,0.006124,24.08,0.000000
run_8_repetition_6,DONE,Factorial,normal,0.002243;0.519039;1.617327,41.23;2120.77;3814.47,0.712869,1992.16,2.141727,5976.47,17.345790
run_9_repetition_6,DONE,Factorial,memoized,0.002589;0.571600;0.437484,52.83;16975.85;41979.58,0.337224,19669.42,1.015180,59008.26,4.288445
run_10_repetition_6,DONE,Matrix Chain Multiplication,normal,0.011604;0.327935;2.408105,4.56;3.07;2.20,0.915881,3.28,2.750018,9.83,18.491657
run_11_repetition_6,DONE,Matrix Chain Multiplication,memoized,0.001791;0.002012;0.001718,6.25;5.53;6.47,0.001840,6.08,0.009066,18.25,0.124601
run_12_repetition_6,DONE,Can I Win,normal,0.003272;0.591882;1.649076,3.27;2.38;1.46,0.748077,2.37,2.246586,7.12,20.181907
run_13_repetition_6,DONE,Can I Win,memoized,0.001780;0.040115;0.066453,6.41;142.80;289.01,0.036116,146.07,0.112024,438.22,0.343652
run_14_repetition_6,DONE,K-equal Sum Partitions,normal,0.000614;0.023943;0.116198,10.26;143.49;291.90,0.046918,148.55,0.144125,445.65,0.189487
run_15_repetition_6,DONE,K-equal Sum Partitions,memoized,0.001290;0.025529;0.170550,10.08;159.39;332.10,0.065790,167.19,0.200099,501.57,0.358179
run_16_repetition_6,DONE,All Possible Full Binary Trees,normal,0.003494;0.750473;2.447897,17.25;19781.12;65674.71,1.067288,28491.03,3.204314,85473.08,29.069046
run_17_repetition_6,DONE,All Possible Full Binary Trees,memoized,0.001436;0.080082;0.271260,5.23;3709.71;9214.40,0.117593,4309.78,0.356684,12929.34,0.776099
run_0_repetition_7,DONE,Fibonacci,normal,0.000437;0.710661;3.927610,3.66;8.51;2.38,1.546236,4.85,4.642879,14.55,34.271944
run_1_repetition_7,DONE,Fibonacci,memoized,0.000683;0.000594;0.000348,4.02;10.20;3.99,0.000542,6.07,0.003907,18.20,0.000000
run_2_repetition_7,DONE,Knapsack,normal,0.000849;0.230052;0.669178,1.92;12.11;1.69,0.300027,5.24,0.903653,15.72,2.629288
run_3_repetition_7,DONE,Knapsack,memoized,0.000657;0.010869;0.020814,2.82;120.63;264.07,0.010780,129.17,0.035435,387.51,0.089688
run_4_repetition_7,DONE,Coin Change,normal,0.004451;0.099627;5.802278,6.12;5.35;4.64,1.968785,5.37,5.910681,16.11,52.890569
run_5_repetition_7,DONE,Coin Change,memoized,0.000681;0.000962;0.001037,6.55;5.68;5.31,0.000893,5.85,0.006585,17.54,0.000000
run_6_repetition_7,DONE,Levenshtein Distance,normal,0.007681;0.022556;8.292301,6.75;2.17;4.27,2.774179,4.40,8.325018,13.19,79.984143
run_7_repetition_7,DONE,Levenshtein Distance,memoized,0.001358;0.000396;0.001239,9.70;4.99;9.38,0.000998,8.03,0.005115,24.08,0.000000
run_8_repetition_7,DONE,Factorial,normal,0.002172;0.495382;1.770342,41.23;2120.77;3814.47,0.755965,1992.16,2.271046,5976.47,20.051944
run_9_repetition_7,DONE,Factorial,memoized,0.001808;0.603640;0.383510,52.83;16975.85;41979.58,0.329653,19669.42,0.992702,59008.26,8.815378
run_10_repetition_7,DONE,Matrix Chain Multiplication,normal,0.008883;0.286648;2.337843,4.56;3.07;2.20,0.877792,3.28,2.635781,9.83,22.436327
run_11_repetition_7,DONE,Matrix Chain Multiplication,memoized,0.001832;0.001991;0.000758,6.25;5.53;6.47,0.001527,6.08,0.006664,18.25,0.000000
run_12_repetition_7,DONE,Can I Win,normal,0.003374;0.667255;1.586980,3.27;2.38;1.46,0.752537,2.37,2.260914,7.12,22.063773
run_13_repetition_7,DONE,Can I Win,memoized,0.001830;0.040876;0.061650,6.41;142.80;289.01,0.034786,146.07,0.107954,438.22,0.476909
run_14_repetition_7,DONE,K-equal Sum Partitions,normal,0.001110;0.027904;0.111281,10.26;143.49;291.90,0.046765,148.55,0.143122,445.65,0.279701
run_15_repetition_7,DONE,K-equal Sum Partitions,memoized,0.001353;0.025228;0.179663,10.08;159.39;332.10,0.068748,167.19,0.210108,501.57,0.171800
run_16_repetition_7,DONE,All Possible Full Binary Trees,normal,0.003661;0.740136;2.722749,17.25;19781.12;65674.71,1.155515,28491.03,3.469474,85473.08,28.487757
run_17_repetition_7,DONE,All Possible Full Binary Trees,memoized,0.000909;0.079603;0.267675,5.23;3709.71;9214.40,0.116062,4309.78,0.351447,12929.34,0.873386
run_0_repetition_8,DONE,Fibonacci,normal,0.000450;0.676844;4.321232,3.66;8.51;2.38,1.666175,4.85,5.002688,14.55,31.275166
run_1_repetition_8,DONE,Fibonacci,memoized,0.000631;0.000576;0.000378,4.02;10.20;3.99,0.000528,6.07,0.005134,18.20,0.000000
run_2_repetition_8,DONE,Knapsack,normal,0.000581;0.261809;0.577926,1.92;12.11;1.69,0.280105,5.24,0.842517,15.72,2.730645
run_3_repetition_8,DONE,Knapsack,memoized,0.000709;0.013847;0.016127,2.82;120.63;264.07,0.010228,129.17,0.033278,387.51,0.078984
run_4_repetition_8,DONE,Coin Change,normal,0.002220;0.099539;5.959288,6.12;5.35;4.64,2.020349,5.37,6.064976,16.11,48.903311
run_5_repetition_8,DONE,Coin Change,memoized,0.001173;0.000775;0.000960,6.55;5.68;5.31,0.000969,5.85,0.005813,17.54,0.000000
run_6_repetition_8,DONE,Levenshtein Distance,normal,0.010514;0.029127;8.410037,6.75;2.17;4.27,2.816559,4.40,8.452964,13.19,71.125225
run_7_repetition_8,DONE,Levenshtein Distance,memoized,0.001252;0.000493;0.001224,9.70;4.99;9.38,0.000990,8.03,0.006104,24.08,0.000000
run_8_repetition_8,DONE,Factorial,normal,0.002075;0.558424;1.593902,41.23;2120.77;3814.47,0.718134,1992.16,2.156583,5976.47,18.375697
run_9_repetition_8,DONE,Factorial,memoized,0.001812;0.602207;0.439998,52.83;16975.85;41979.58,0.348006,19669.42,1.047931,59008.26,10.367347
run_10_repetition_8,DONE,Matrix Chain Multiplication,normal,0.009619;0.313445;2.395829,4.56;3.07;2.20,0.906298,3.28,2.721632,9.83,19.428673
run_11_repetition_8,DONE,Matrix Chain Multiplication,memoized,0.001980;0.001804;0.001643,6.25;5.53;6.47,0.001809,6.08,0.007932,18.25,0.000000
run_12_repetition_8,DONE,Can I Win,normal,0.003026;0.618965;1.600035,3.27;2.38;1.46,0.740675,2.37,2.225625,7.12,18.121063
run_13_repetition_8,DONE,Can I Win,memoized,0.001871;0.042699;0.045331,6.41;142.80;289.01,0.029967,146.07,0.093545,438.22,0.433213
run_14_repetition_8,DONE,K-equal Sum Partitions,normal,0.001307;0.026111;0.113047,10.26;143.49;291.90,0.046822,148.55,0.143153,445.65,0.222995
run_15_repetition_8,DONE,K-equal Sum Partitions,memoized,0.000959;0.024883;0.168788,10.08;159.39;332.10,0.064877,167.19,0.198116,501.57,0.285338
run_16_repetition_8,DONE,All Possible Full Binary Trees,normal,0.002973;0.693224;2.464763,17.25;19781.12;65674.71,1.053654,28491.03,3.164775,85473.08,29.382880
run_17_repetition_8,DONE,All Possible Full Binary Trees,memoized,0.001244;0.085396;0.282472,5.23;3709.71;9214.40,0.123037,4309.78,0.371881,12929.34,0.775101
run_0_repetition_9,DONE,Fibonacci,normal,0.000522;0.601596;4.313913,3.66;8.51;2.38,1.638677,4.85,4.920718,14.55,43.987671
run_1_repetition_9,DONE,Fibonacci,memoized,0.000617;0.000574;0.000323,4.02;10.20;3.99,0.000504,6.07,0.004873,18.20,0.000000
run_2_repetition_9,DONE,Knapsack,normal,0.000499;0.238617;0.513277,1.92;12.11;1.69,0.250798,5.24,0.755718,15.72,2.150466
run_3_repetition_9,DONE,Knapsack,memoized,0.000732;0.014285;0.018386,2.82;120.63;264.07,0.011134,129.17,0.037001,387.51,0.074346
run_4_repetition_9,DONE,Coin Change,normal,0.002179;0.107595;5.837286,6.12;5.35;4.64,1.982353,5.37,5.950216,16.11,48.102123
run_5_repetition_9,DONE,Coin Change,memoized,0.001056;0.000861;0.000794,6.55;5.68;5.31,0.000904,5.85,0.005430,17.54,0.000000
run_6_repetition_9,DONE,Levenshtein Distance,normal,0.010396;0.025338;8.497899,6.75;2.17;4.27,2.844544,4.40,8.537544,13.19,69.082751
run_7_repetition_9,DONE,Levenshtein Distance,memoized,0.001181;0.000338;0.001148,9.70;4.99;9.38,0.000889,8.03,0.005330,24.08,0.000000
run_8_repetition_9,DONE,Factorial,normal,0.002324;0.493868;1.712116,41.23;2120.77;3814.47,0.736103,1992.16,2.212337,5976.47,18.021126
run_9_repetition_9,DONE,Factorial,memoized,0.002637;0.565235;0.329164,52.83;16975.85;41979.58,0.299012,19669.42,0.900173,59008.26,4.843184
run_10_repetition_9,DONE,Matrix Chain Multiplication,normal,0.009527;0.325413;2.337598,4.56;3.07;2.20,0.890846,3.28,2.675478,9.83,20.239542
run_11_repetition_9,DONE,Matrix Chain Multiplication,memoized,0.001968;0.001357;0.001834,6.25;5.53;6.47,0.001720,6.08,0.008522,18.25,0.000000
run_12_repetition_9,DONE,Can I Win,normal,0.003275;0.811725;1.694177,3.27;2.38;1.46,0.836393,2.37,2.513129,7.12,15.722235
run_13_repetition_9,DONE,Can I Win,memoized,0.001824;0.037921;0.065299,6.41;142.80;289.01,0.035015,146.07,0.108894,438.22,0.349337
run_14_repetition_9,DONE,K-equal Sum Partitions,normal,0.001354;0.024071;0.112848,10.26;143.49;291.90,0.046091,148.55,0.142109,445.65,0.237356
run_15_repetition_9,DONE,K-equal Sum Partitions,memoized,0.001241;0.023206;0.202437,10.08;159.39;332.10,0.075628,167.19,0.229740,501.57,0.241833
run_16_repetition_9,DONE,All Possible Full Binary Trees,normal,0.003435;0.682961;2.423293,17.25;19781.12;65674.71,1.036563,28491.03,3.112942,85473.08,32.683489
run_17_repetition_9,DONE,All Possible Full Binary Trees,memoized,0.001284;0.079552;0.259624,5.23;3709.71;9214.40,0.113487,4309.78,0.342584,12929.34,0.602680
run_0_repetition_10,DONE,Fibonacci,normal,0.000553;0.633537;4.169487,3.66;8.51;2.38,1.601192,4.85,4.806218,14.55,38.707199
run_1_repetition_10,DONE,Fibonacci,memoized,0.000706;0.000405;0.000382,4.02;10.20;3.99,0.000497,6.07,0.004067,18.20,0.000000
run_2_repetition_10,DONE,Knapsack,normal,0.000511;0.227224;0.580211,1.92;12.11;1.69,0.269315,5.24,0.810631,15.72,2.437012
run_3_repetition_10,DONE,Knapsack,memoized,0.000647;0.012214;0.018605,2.82;120.63;264.07,0.010489,129.17,0.034510,387.51,0.069860
run_4_repetition_10,DONE,Coin Change,normal,0.004550;0.107773;5.814736,6.12;5.35;4.64,1.975686,5.37,5.929427,16.11,50.005637
run_5_repetition_10,DONE,Coin Change,memoized,0.000902;0.000802;0.000984,6.55;5.68;5.31,0.000896,5.85,0.005258,17.54,0.000000
run_6_repetition_10,DONE,Levenshtein Distance,normal,0.010187;0.031031;8.198312,6.75;2.17;4.27,2.746510,4.40,8.243377,13.19,74.130986
run_7_repetition_10,DONE,Levenshtein Distance,memoized,0.001416;0.000601;0.001264,9.70;4.99;9.38,0.001094,8.03,0.007091,24.08,0.000000
run_8_repetition_10,DONE,Factorial,normal,0.001915;0.505931;1.682818,41.23;2120.77;3814.47,0.730221,1992.16,2.193732,5976.47,19.113840
run_9_repetition_10,DONE,Factorial,memoized,0.002690;0.563277;0.396227,52.83;16975.85;41979.58,0.320731,19669.42,0.966057,59008.26,6.465780
run_10_repetition_10,DONE,Matrix Chain Multiplication,normal,0.010279;0.293720;2.242939,4.56;3.07;2.20,0.848979,3.28,2.550414,9.83,17.441922
run_11_repetition_10,DONE,Matrix Chain Multiplication,memoized,0.001985;0.002306;0.001271,6.25;5.53;6.47,0.001854,6.08,0.008669,18.25,0.000000
run_12_repetition_10,DONE,Can I Win,normal,0.003298;0.686608;1.591635,3.27;2.38;1.46,0.760514,2.37,2.285092,7.12,22.823400
run_13_repetition_10,DONE,Can I Win,memoized,0.001851;0.039694;0.066993,6.41;142.80;289.01,0.036179,146.07,0.112374,438.22,0.376978
run_14_repetition_10,DONE,K-equal Sum Partitions,normal,0.000959;0.023610;0.114946,10.26;143.49;291.90,0.046505,148.55,0.142666,445.65,0.238817
run_15_repetition_10,DONE,K-equal Sum Partitions,memoized,0.001001;0.028458;0.179618,10.08;159.39;332.10,0.069692,167.19,0.212209,501.57,0.311881
run_16_repetition_10,DONE,All Possible Full Binary Trees,normal,0.003368;0.721713;2.396344,17.25;19781.12;65674.71,1.040475,28491.03,3.124621,85473.08,27.790319
run_17_repetition_10,DONE,All Possible Full Binary Trees,memoized,0.001462;0.084454;0.262403,5.23;3709.71;9214.40,0.116106,4309.78,0.351051,12929.34,0.826727
run_0_repetition_11,DONE,Fibonacci,normal,0.000752;0.637004;4.172993,3.66;8.51;2.38,1.603583,4.85,4.814134,14.55,44.325041
run_1_repetition_11,DONE,Fibonacci,memoized,0.000676;0.000630;0.000376,4.02;10.20;3.99,0.000561,6.07,0.005414,18.20,0.000000
run_2_repetition_11,DONE,Knapsack,normal,0.000521;0.231611;0.552775,1.92;12.11;1.69,0.261636,5.24,0.788498,15.72,1.643138
run_3_repetition_11,DONE,Knapsack,memoized,0.000679;0.011813;0.019359,2.82;120.63;264.07,0.010617,129.17,0.035003,387.51,0.100505
run_4_repetition_11,DONE,Coin Change,normal,0.003684;0.106485;5.789992,6.12;5.35;4.64,1.966720,5.37,5.904016,16.11,49.054754
run_5_repetition_11,DONE,Coin Change,memoized,0.001258;0.000845;0.000953,6.55;5.68;5.31,0.001019,5.85,0.005684,17.54,0.000000
run_6_repetition_11,DONE,Levenshtein Distance,normal,0.010314;0.031241;8.401269,6.75;2.17;4.27,2.814275,4.40,8.446201,13.19,73.813002
run_7_repetition_11,DONE,Levenshtein Distance,memoized,0.000868;0.000514;0.001284,9.70;4.99;9.38,0.000889,8.03,0.005915,24.08,0.000000
run_8_repetition_11,DONE,Factorial,normal,0.002267;0.506093;1.672478,41.23;2120.77;3814.47,0.726946,1992.16,2.183755,5976.47,18.284436
run_9_repetition_11,DONE,Factorial,memoized,0.002363;0.555545;0.364140,52.83;16975.85;41979.58,0.307350,19669.42,0.925527,59008.26,4.865853
run_10_repetition_11,DONE,Matrix Chain Multiplication,normal,0.010494;0.327196;2.299535,4.56;3.07;2.20,0.879075,3.28,2.640035,9.83,19.705254
run_11_repetition_11,DONE,Matrix Chain Multiplication,memoized,0.001353;0.002281;0.000762,6.25;5.53;6.47,0.001465,6.08,0.007561,18.25,0.000000
run_12_repetition_11,DONE,Can I Win,normal,0.001423;0.707284;1.534932,3.27;2.38;1.46,0.747880,2.37,2.246899,7.12,15.621577
run_13_repetition_11,DONE,Can I Win,memoized,0.001660;0.035114;0.059980,6.41;142.80;289.01,0.032251,146.07,0.100319,438.22,0.318777
run_14_repetition_11,DONE,K-equal Sum Partitions,normal,0.001215;0.023321;0.113308,10.26;143.49;291.90,0.045948,148.55,0.140754,445.65,0.198948
run_15_repetition_11,DONE,K-equal Sum Partitions,memoized,0.001337;0.028689;0.173053,10.08;159.39;332.10,0.067693,167.19,0.206400,501.57,0.332457
run_16_repetition_11,DONE,All Possible Full Binary Trees,normal,0.003610;0.730961;2.458055,17.25;19781.12;65674.71,1.064209,28491.03,3.195244,85473.08,28.015140
run_17_repetition_11,DONE,All Possible Full Binary Trees,memoized,0.000719;0.082324;0.256731,5.23;3709.71;9214.40,0.113258,4309.78,0.343401,12929.34,0.845780
run_0_repetition_12,DONE,Fibonacci,normal,0.000732;0.636445;4.015835,3.66;8.51;2.38,1.551004,4.85,4.656121,14.55,39.395414
run_1_repetition_12,DONE,Fibonacci,memoized,0.000887;0.000642;0.000383,4.02;10.20;3.99,0.000637,6.07,0.005234,18.20,0.000000
run_2_repetition_12,DONE,Knapsack,normal,0.000466;0.233843;0.668544,1.92;12.11;1.69,0.300951,5.24,0.906700,15.72,2.891183
run_3_repetition_12,DONE,Knapsack,memoized,0.000832;0.015186;0.014251,2.82;120.63;264.07,0.010089,129.17,0.033211,387.51,0.080702
run_4_repetition_12,DONE,Coin Change,normal,0.003993;0.103772;5.915950,6.12;5.35;4.64,2.007905,5.37,6.026630,16.11,54.235235
run_5_repetition_12,DONE,Coin Change,memoized,0.001029;0.000916;0.000841,6.55;5.68;5.31,0.000929,5.85,0.006256,17.54,0.000000
run_6_repetition_12,DONE,Levenshtein Distance,normal,0.010482;0.041942;8.539993,6.75;2.17;4.27,2.864139,4.40,8.594708,13.19,74.253915
run_7_repetition_12,DONE,Levenshtein Distance,memoized,0.001087;0.000601;0.001265,9.70;4.99;9.38,0.000984,8.03,0.006011,24.08,0.000000
run_8_repetition_12,DONE,Factorial,normal,0.001960;0.490958;1.687187,41.23;2120.77;3814.47,0.726702,1992.16,2.183415,5976.47,20.520824
run_9_repetition_12,DONE,Factorial,memoized,0.002800;0.548473;0.411911,52.83;16975.85;41979.58,0.321061,19669.42,0.966981,59008.26,5.273649
run_10_repetition_12,DONE,Matrix Chain Multiplication,normal,0.012186;0.317877;2.400597,4.56;3.07;2.20,0.910220,3.28,2.733477,9.83,18.437150
run_11_repetition_12,DONE,Matrix Chain Multiplication,memoized,0.001819;0.002288;0.001229,6.25;5.53;6.47,0.001778,6.08,0.008705,18.25,0.000000
run_12_repetition_12,DONE,Can I Win,normal,0.003366;0.685704;1.655875,3.27;2.38;1.46,0.781648,2.37,2.349005,7.12,20.345309
run_13_repetition_12,DONE,Can I Win,memoized,0.000836;0.036186;0.068708,6.41;142.80;289.01,0.035243,146.07,0.108310,438.22,0.371252
run_14_repetition_12,DONE,K-equal Sum Partitions,normal,0.001236;0.029502;0.119660,10.26;143.49;291.90,0.050133,148.55,0.153300,445.65,0.187052
run_15_repetition_12,DONE,K-equal Sum Partitions,memoized,0.001306;0.023188;0.143518,10.08;159.39;332.10,0.056004,167.19,0.171194,501.57,0.256405
run_16_repetition_12,DONE,All Possible Full Binary Trees,normal,0.003430;0.679393;2.430306,17.25;19781.12;65674.71,1.037710,28491.03,3.116553,85473.08,30.869384
run_17_repetition_12,DONE,All Possible Full Binary Trees,memoized,0.001380;0.082805;0.269668,5.23;3709.71;9214.40,0.117951,4309.78,0.357401,12929.34,0.979061
run_0_repetition_13,DONE,Fibonacci,normal,0.000479;0.593756;3.967764,3.66;8.51;2.38,1.520666,4.85,4.565058,14.55,41.185616
run_1_repetition_13,DONE,Fibonacci,memoized,0.000630;0.000573;0.000363,4.02;10.20;3.99,0.000522,6.07,0.004265,18.20,0.000000
run_2_repetition_13,DONE,Knapsack,normal,0.000598;0.257672;0.570624,1.92;12.11;1.69,0.276298,5.24,0.832218,15.72,1.714289
run_3_repetition_13,DONE,Knapsack,memoized,0.000678;0.012415;0.018718,2.82;120.63;264.07,0.010604,129.17,0.035407,387.51,0.082981
run_4_repetition_13,DONE,Coin Change,normal,0.004568;0.098395;6.123026,6.12;5.35;4.64,2.075330,5.37,6.228936,16.11,57.938897
run_5_repetition_13,DONE,Coin Change,memoized,0.001209;0.000874;0.000776,6.55;5.68;5.31,0.000953,5.85,0.006523,17.54,0.000000
run_6_repetition_13,DONE,Levenshtein Distance,normal,0.004131;0.032891;8.896726,6.75;2.17;4.27,2.977916,4.40,8.937449,13.19,57.996191
run_7_repetition_13,DONE,Levenshtein Distance,memoized,0.001414;0.000307;0.001170,9.70;4.99;9.38,0.000964,8.03,0.005364,24.08,0.000000
run_8_repetition_13,DONE,Factorial,normal,0.002834;0.528910;1.818165,41.23;2120.77;3814.47,0.783303,1992.16,2.352645,5976.47,18.837000
run_9_repetition_13,DONE,Factorial,memoized,0.002850;0.529121;0.405722,52.83;16975.85;41979.58,0.312564,19669.42,0.940150,59008.26,6.131171
run_10_repetition_13,DONE,Matrix Chain Multiplication,normal,0.007516;0.324251;2.348225,4.56;3.07;2.20,0.893331,3.28,2.682629,9.83,18.764073
run_11_repetition_13,DONE,Matrix Chain Multiplication,memoized,0.002006;0.002286;0.001852,6.25;5.53;6.47,0.002048,6.08,0.009425,18.25,0.000000
run_12_repetition_13,DONE,Can I Win,normal,0.002491;0.711527;1.548610,3.27;2.38;1.46,0.754210,2.37,2.266067,7.12,20.766214
run_13_repetition_13,DONE,Can I Win,memoized,0.001876;0.036549;0.062342,6.41;142.80;289.01,0.033589,146.07,0.104543,438.22,0.319392
run_14_repetition_13,DONE,K-equal Sum Partitions,normal,0.001411;0.024436;0.113401,10.26;143.49;291.90,0.046416,148.55,0.141900,445.65,0.145325
run_15_repetition_13,DONE,K-equal Sum Partitions,memoized,0.001457;0.026312;0.178911,10.08;159.39;332.10,0.068893,167.19,0.210543,501.57,0.218404
run_16_repetition_13,DONE,All Possible Full Binary Trees,normal,0.002332;0.701495;2.396004,17.25;19781.12;65674.71,1.033277,28491.03,3.102565,85473.08,30.978851
run_17_repetition_13,DONE,All Possible Full Binary Trees,memoized,0.000959;0.089112;0.284653,5.23;3709.71;9214.40,0.124908,4309.78,0.377234,12929.34,0.673101
run_0_repetition_14,DONE,Fibonacci,normal,0.000760;0.640196;4.153550,3.66;8.51;2.38,1.598169,4.85,4.797065,14.55,37.719926
run_1_repetition_14,DONE,Fibonacci,memoized,0.000657;0.000667;0.000450,4.02;10.20;3.99,0.000591,6.07,0.005215,18.20,0.000000
run_2_repetition_14,DONE,Knapsack,normal,0.000596;0.234984;0.545398,1.92;12.11;1.69,0.260326,5.24,0.784347,15.72,2.115743
run_3_repetition_14,DONE,Knapsack,memoized,0.000649;0.015051;0.017891,2.82;120.63;264.07,0.011197,129.17,0.037077,387.51,0.127073
run_4_repetition_14,DONE,Coin Change,normal,0.004415;0.101062;5.750008,6.12;5.35;4.64,1.951828,5.37,5.858877,16.11,41.320125
run_5_repetition_14,DONE,Coin Change,memoized,0.001274;0.000901;0.001017,6.55;5.68;5.31,0.001064,5.85,0.006975,17.54,0.000000
run_6_repetition_14,DONE,Levenshtein Distance,normal,0.009020;0.026323;8.809936,6.75;2.17;4.27,2.948426,4.40,8.848897,13.19,78.475829
run_7_repetition_14,DONE,Levenshtein Distance,memoized,0.001388;0.000605;0.001226,9.70;4.99;9.38,0.001073,8.03,0.006901,24.08,0.000000
run_8_repetition_14,DONE,Factorial,normal,0.002283;0.505865;1.638325,41.23;2120.77;3814.47,0.715491,1992.16,2.149924,5976.47,19.297207
run_9_repetition_14,DONE,Factorial,memoized,0.002648;0.561873;0.396871,52.83;16975.85;41979.58,0.320464,19669.42,0.964839,59008.26,3.728152
run_10_repetition_14,DONE,Matrix Chain Multiplication,normal,0.011889;0.291488;2.427533,4.56;3.07;2.20,0.910303,3.28,2.734707,9.83,18.131404
run_11_repetition_14,DONE,Matrix Chain Multiplication,memoized,0.002191;0.002315;0.001717,6.25;5.53;6.47,0.002074,6.08,0.009601,18.25,0.000000
run_12_repetition_14,DONE,Can I Win,normal,0.001268;0.725440;1.533000,3.27;2.38;1.46,0.753236,2.37,2.262229,7.12,17.309832
run_13_repetition_14,DONE,Can I Win,memoized,0.001581;0.037551;0.064412,6.41;142.80;289.01,0.034515,146.07,0.105986,438.22,0.280331
run_14_repetition_14,DONE,K-equal Sum Partitions,normal,0.001300;0.030001;0.116058,10.26;143.49;291.90,0.049119,148.55,0.150180,445.65,0.321484
run_15_repetition_14,DONE,K-equal Sum Partitions,memoized,0.001536;0.025619;0.176042,10.08;159.39;332.10,0.067732,167.19,0.206219,501.57,0.192731
run_16_repetition_14,DONE,All Possible Full Binary Trees,normal,0.003653;0.683992;2.763059,17.25;19781.12;65674.71,1.150235,28491.03,3.454540,85473.08,31.644819
run_17_repetition_14,DONE,All Possible Full Binary Trees,memoized,0.001516;0.089693;0.274374,5.23;3709.71;9214.40,0.121861,4309.78,0.368394,12929.34,0.816134
run_0_repetition_15,DONE,Fibonacci,normal,0.000740;0.719659;4.313960,3.66;8.51;2.38,1.678119,4.85,5.038567,14.55,47.252215
run_1_repetition_15,DONE,Fibonacci,memoized,0.000625;0.000546;0.000409,4.02;10.20;3.99,0.000527,6.07,0.004284,18.20,0.000000
run_2_repetition_15,DONE,Knapsack,normal,0.000588;0.231857;0.612407,1.92;12.11;1.69,0.281617,5.24,0.847923,15.72,2.104065
run_3_repetition_15,DONE,Knapsack,memoized,0.000679;0.012601;0.019886,2.82;120.63;264.07,0.011055,129.17,0.036154,387.51,0.087964
run_4_repetition_15,DONE,Coin Change,normal,0.004445;0.102237;5.826462,6.12;5.35;4.64,1.977715,5.37,5.936786,16.11,52.189355
run_5_repetition_15,DONE,Coin Change,memoized,0.001099;0.000666;0.000608,6.55;5.68;5.31,0.000791,5.85,0.005995,17.54,0.000000
run_6_repetition_15,DONE,Levenshtein Distance,normal,0.010374;0.028021;8.598431,6.75;2.17;4.27,2.878942,4.40,8.639318,13.19,75.300786
run_7_repetition_15,DONE,Levenshtein Distance,memoized,0.001368;0.000294;0.001251,9.70;4.99;9.38,0.000971,8.03,0.006177,24.08,0.000000
run_8_repetition_15,DONE,Factorial,normal,0.002133;0.558444;1.895293,41.23;2120.77;3814.47,0.818623,1992.16,2.459857,5976.47,16.423126
run_9_repetition_15,DONE,Factorial,memoized,0.002784;0.631210;0.335153,52.83;16975.85;41979.58,0.323049,19669.42,0.971670,59008.26,5.319008
run_10_repetition_15,DONE,Matrix Chain Multiplication,normal,0.008656;0.318304;2.273117,4.56;3.07;2.20,0.866692,3.28,2.603638,9.83,18.548909
run_11_repetition_15,DONE,Matrix Chain Multiplication,memoized,0.002050;0.002306;0.001691,6.25;5.53;6.47,0.002016,6.08,0.008349,18.25,0.000000
run_12_repetition_15,DONE,Can I Win,normal,0.002957;0.760030;1.588876,3.27;2.38;1.46,0.783954,2.37,2.355576,7.12,17.590420
run_13_repetition_15,DONE,Can I Win,memoized,0.001881;0.041169;0.050540,6.41;142.80;289.01,0.031197,146.07,0.096361,438.22,0.404096
run_14_repetition_15,DONE,K-equal Sum Partitions,normal,0.000783;0.033196;0.113403,10.26;143.49;291.90,0.049127,148.55,0.150210,445.65,0.259583
run_15_repetition_15,DONE,K-equal Sum Partitions,memoized,0.001342;0.028258;0.174146,10.08;159.39;332.10,0.067915,167.19,0.207509,501.57,0.325742
run_16_repetition_15,DONE,All Possible Full Binary Trees,normal,0.002849;0.694996;2.571486,17.25;19781.12;65674.71,1.089777,28491.03,3.272261,85473.08,31.223501
run_17_repetition_15,DONE,All Possible Full Binary Trees,memoized,0.001417;0.082869;0.267332,5.23;3709.71;9214.40,0.117206,4309.78,0.354702,12929.34,0.734827
run_0_repetition_16,DONE,Fibonacci,normal,0.000775;0.597242;4.237213,3.66;8.51;2.38,1.611743,4.85,4.838820,14.55,44.344331
run_1_repetition_16,DONE,Fibonacci,memoized,0.000633;0.000641;0.000381,4.02;10.20;3.99,0.000552,6.07,0.005128,18.20,0.000000
run_2_repetition_16,DONE,Knapsack,normal,0.000555;0.227059;0.546219,1.92;12.11;1.69,0.257944,5.24,0.777028,15.72,1.927080
run_3_repetition_16,DONE,Knapsack,memoized,0.000669;0.011673;0.013843,2.82;120.63;264.07,0.008728,129.17,0.028731,387.51,0.198125
run_4_repetition_16,DONE,Coin Change,normal,0.003225;0.100509;5.809077,6.12;5.35;4.64,1.970937,5.37,5.915589,16.11,47.889240
run_5_repetition_16,DONE,Coin Change,memoized,0.001173;0.000628;0.000899,6.55;5.68;5.31,0.000900,5.85,0.005724,17.54,0.000000
run_6_repetition_16,DONE,Levenshtein Distance,normal,0.009483;0.026439;8.445944,6.75;2.17;4.27,2.827289,4.40,8.484663,13.19,74.966905
run_7_repetition_16,DONE,Levenshtein Distance,memoized,0.000752;0.000588;0.001220,9.70;4.99;9.38,0.000853,8.03,0.005538,24.08,0.000000
run_8_repetition_16,DONE,Factorial,normal,0.002146;0.525693;1.690215,41.23;2120.77;3814.47,0.739352,1992.16,2.221674,5976.47,19.154005
run_9_repetition_16,DONE,Factorial,memoized,0.003129;0.579676;0.377437,52.83;16975.85;41979.58,0.320081,19669.42,0.964240,59008.26,4.000238
run_10_repetition_16,DONE,Matrix Chain Multiplication,normal,0.012638;0.316685;2.421763,4.56;3.07;2.20,0.917028,3.28,2.753898,9.83,20.077925
run_11_repetition_16,DONE,Matrix Chain Multiplication,memoized,0.001090;0.002300;0.001675,6.25;5.53;6.47,0.001688,6.08,0.009242,18.25,0.000000
run_12_repetition_16,DONE,Can I Win,normal,0.003904;0.666984;1.532806,3.27;2.38;1.46,0.734564,2.37,2.207856,7.12,19.602951
run_13_repetition_16,DONE,Can I Win,memoized,0.001796;0.038163;0.064449,6.41;142.80;289.01,0.034802,146.07,0.107985,438.22,0.400513
run_14_repetition_16,DONE,K-equal Sum Partitions,normal,0.001292;0.025994;0.111446,10.26;143.49;291.90,0.046244,148.55,0.142346,445.65,0.146152
run_15_repetition_16,DONE,K-equal Sum Partitions,memoized,0.001431;0.027890;0.181531,10.08;159.39;332.10,0.070284,167.19,0.214834,501.57,0.336482
run_16_repetition_16,DONE,All Possible Full Binary Trees,normal,0.003761;0.638855;2.871765,17.25;19781.12;65674.71,1.171460,28491.03,3.516699,85473.08,27.783967
run_17_repetition_16,DONE,All Possible Full Binary Trees,memoized,0.001469;0.081414;0.259710,5.23;3709.71;9214.40,0.114198,4309.78,0.345189,12929.34,0.711783
run_0_repetition_17,DONE,Fibonacci,normal,0.000747;0.625786;4.149396,3.66;8.51;2.38,1.591976,4.85,4.779666,14.55,39.509560
run_1_repetition_17,DONE,Fibonacci,memoized,0.000679;0.000393;0.000368,4.02;10.20;3.99,0.000480,6.07,0.004992,18.20,0.000000
run_2_repetition_17,DONE,Knapsack,normal,0.000554;0.231306;0.576302,1.92;12.11;1.69,0.269387,5.24,0.810819,15.72,3.030008
run_3_repetition_17,DONE,Knapsack,memoized,0.000603;0.013628;0.016253,2.82;120.63;264.07,0.010161,129.17,0.034322,387.51,0.100359
run_4_repetition_17,DONE,Coin Change,normal,0.004569;0.094243;5.781235,6.12;5.35;4.64,1.960016,5.37,5.883944,16.11,49.781316
run_5_repetition_17,DONE,Coin Change,memoized,0.001147;0.000575;0.001014,6.55;5.68;5.31,0.000912,5.85,0.005102,17.54,0.000000
run_6_repetition_17,DONE,Levenshtein Distance,normal,0.006981;0.027520;8.484202,6.75;2.17;4.27,2.839567,4.40,8.521147,13.19,81.543679
run_7_repetition_17,DONE,Levenshtein Distance,memoized,0.001308;0.000590;0.001295,9.70;4.99;9.38,0.001064,8.03,0.006523,24.08,0.000000
run_8_repetition_17,DONE,Factorial,normal,0.002275;0.505107;1.647644,41.23;2120.77;3814.47,0.718342,1992.16,2.158732,5976.47,18.268971
run_9_repetition_17,DONE,Factorial,memoized,0.002844;0.599360;0.393373,52.83;16975.85;41979.58,0.331859,19669.42,0.998223,59008.26,8.356223
run_10_repetition_17,DONE,Matrix Chain Multiplication,normal,0.009619;0.331578;2.395323,4.56;3.07;2.20,0.912173,3.28,2.739946,9.83,15.850017
run_11_repetition_17,DONE,Matrix Chain Multiplication,memoized,0.001894;0.002295;0.001843,6.25;5.53;6.47,0.002011,6.08,0.009419,18.25,0.000000
run_12_repetition_17,DONE,Can I Win,normal,0.003104;0.721123;1.492020,3.27;2.38;1.46,0.738749,2.37,2.218930,7.12,25.633041
run_13_repetition_17,DONE,Can I Win,memoized,0.002372;0.038847;0.082204,6.41;142.80;289.01,0.041141,146.07,0.127018,438.22,0.404674
run_14_repetition_17,DONE,K-equal Sum Partitions,normal,0.000690;0.025452;0.112124,10.26;143.49;291.90,0.046089,148.55,0.140754,445.65,0.242937
run_15_repetition_17,DONE,K-equal Sum Partitions,memoized,0.001172;0.029387;0.170276,10.08;159.39;332.10,0.066945,167.19,0.204235,501.57,0.204325
run_16_repetition_17,DONE,All Possible Full Binary Trees,normal,0.003056;0.756378;2.547403,17.25;19781.12;65674.71,1.102279,28491.03,3.310302,85473.08,30.253844
run_17_repetition_17,DONE,All Possible Full Binary Trees,memoized,0.001463;0.082215;0.294922,5.23;3709.71;9214.40,0.126200,4309.78,0.382046,12929.34,1.098953
run_0_repetition_18,DONE,Fibonacci,normal,0.000493;0.600149;4.169190,3.66;8.51;2.38,1.589944,4.85,4.772413,14.55,35.016382
run_1_repetition_18,DONE,Fibonacci,memoized,0.000515;0.000360;0.000334,4.02;10.20;3.99,0.000403,6.07,0.003720,18.20,0.000000
run_2_repetition_18,DONE,Knapsack,normal,0.000582;0.240066;0.696986,1.92;12.11;1.69,0.312545,5.24,0.941193,15.72,2.743440
run_3_repetition_18,DONE,Knapsack,memoized,0.000448;0.013837;0.013899,2.82;120.63;264.07,0.009395,129.17,0.031111,387.51,0.140305
run_4_repetition_18,DONE,Coin Change,normal,0.004529;0.107606;5.833092,6.12;5.35;4.64,1.981743,5.37,5.949158,16.11,45.358142
run_5_repetition_18,DONE,Coin Change,memoized,0.000762;0.000892;0.000647,6.55;5.68;5.31,0.000767,5.85,0.006180,17.54,0.000000
run_6_repetition_18,DONE,Levenshtein Distance,normal,0.010420;0.028036;8.430020,6.75;2.17;4.27,2.822826,4.40,8.470602,13.19,70.659709
run_7_repetition_18,DONE,Levenshtein Distance,memoized,0.001340;0.000280;0.001201,9.70;4.99;9.38,0.000940,8.03,0.004808,24.08,0.000000
run_8_repetition_18,DONE,Factorial,normal,0.002282;0.554856;1.720046,41.23;2120.77;3814.47,0.759061,1992.16,2.281144,5976.47,17.088935
run_9_repetition_18,DONE,Factorial,memoized,0.002617;0.557928;0.381493,52.83;16975.85;41979.58,0.314013,19669.42,0.945996,59008.26,5.086906
run_10_repetition_18,DONE,Matrix Chain Multiplication,normal,0.008701;0.331727;2.338360,4.56;3.07;2.20,0.892930,3.28,2.682206,9.83,17.832008
run_11_repetition_18,DONE,Matrix Chain Multiplication,memoized,0.001504;0.001912;0.001878,6.25;5.53;6.47,0.001765,6.08,0.008684,18.25,0.000000
run_12_repetition_18,DONE,Can I Win,normal,0.003429;0.652740;1.607747,3.27;2.38;1.46,0.754639,2.37,2.267736,7.12,18.592159
run_13_repetition_18,DONE,Can I Win,memoized,0.001858;0.040247;0.060241,6.41;142.80;289.01,0.034115,146.07,0.105354,438.22,0.397300
run_14_repetition_18,DONE,K-equal Sum Partitions,normal,0.001367;0.027703;0.113094,10.26;143.49;291.90,0.047388,148.55,0.145282,445.65,0.227132
run_15_repetition_18,DONE,K-equal Sum Partitions,memoized,0.001417;0.026116;0.177502,10.08;159.39;332.10,0.068345,167.19,0.208144,501.57,0.245581
run_16_repetition_18,DONE,All Possible Full Binary Trees,normal,0.003769;0.723071;2.549716,17.25;19781.12;65674.71,1.092185,28491.03,3.279610,85473.08,25.233473
run_17_repetition_18,DONE,All Possible Full Binary Trees,memoized,0.001405;0.081563;0.256687,5.23;3709.71;9214.40,0.113218,4309.78,0.343498,12929.34,1.049914
run_0_repetition_19,DONE,Fibonacci,normal,0.000785;0.599591;3.997899,3.66;8.51;2.38,1.532758,4.85,4.602123,14.55,43.232219
run_1_repetition_19,DONE,Fibonacci,memoized,0.000666;0.000619;0.000352,4.02;10.20;3.99,0.000545,6.07,0.004796,18.20,0.000000
run_2_repetition_19,DONE,Knapsack,normal,0.000593;0.236897;0.561894,1.92;12.11;1.69,0.266461,5.24,0.802482,15.72,1.728401
run_3_repetition_19,DONE,Knapsack,memoized,0.000538;0.013784;0.017221,2.82;120.63;264.07,0.010515,129.17,0.034750,387.51,0.104724
run_4_repetition_19,DONE,Coin Change,normal,0.004500;0.100190;5.799719,6.12;5.35;4.64,1.968136,5.37,5.907687,16.11,43.073538
run_5_repetition_19,DONE,Coin Change,memoized,0.001170;0.000904;0.001027,6.55;5.68;5.31,0.001033,5.85,0.006448,17.54,0.000000
run_6_repetition_19,DONE,Levenshtein Distance,normal,0.010538;0.030775;8.414516,6.75;2.17;4.27,2.818610,4.40,8.459837,13.19,73.482632
run_7_repetition_19,DONE,Levenshtein Distance,memoized,0.001255;0.000563;0.000995,9.70;4.99;9.38,0.000938,8.03,0.005850,24.08,0.000000
run_8_repetition_19,DONE,Factorial,normal,0.002266;0.465809;1.899638,41.23;2120.77;3814.47,0.789238,1992.16,2.370928,5976.47,19.386550
run_9_repetition_19,DONE,Factorial,memoized,0.002653;0.541987;0.311678,52.83;16975.85;41979.58,0.285440,19669.42,0.859379,59008.26,4.627049
run_10_repetition_19,DONE,Matrix Chain Multiplication,normal,0.012169;0.335762;2.277278,4.56;3.07;2.20,0.875070,3.28,2.628667,9.83,18.530315
run_11_repetition_19,DONE,Matrix Chain Multiplication,memoized,0.000823;0.002225;0.000870,6.25;5.53;6.47,0.001306,6.08,0.007090,18.25,0.000000
run_12_repetition_19,DONE,Can I Win,normal,0.003288;0.639911;1.673897,3.27;2.38;1.46,0.772365,2.37,2.320583,7.12,18.840579
run_13_repetition_19,DONE,Can I Win,memoized,0.001829;0.036966;0.061600,6.41;142.80;289.01,0.033465,146.07,0.103445,438.22,0.362822
run_14_repetition_19,DONE,K-equal Sum Partitions,normal,0.001229;0.027887;0.110411,10.26;143.49;291.90,0.046509,148.55,0.142121,445.65,0.200698
run_15_repetition_19,DONE,K-equal Sum Partitions,memoized,0.001255;0.030275;0.181355,10.08;159.39;332.10,0.070962,167.19,0.216646,501.57,0.204742
run_16_repetition_19,DONE,All Possible Full Binary Trees,normal,0.003550;0.737097;2.734091,17.25;19781.12;65674.71,1.158246,28491.03,3.477550,85473.08,28.699062
run_17_repetition_19,DONE,All Possible Full Binary Trees,memoized,0.001455;0.082413;0.262435,5.23;3709.71;9214.40,0.115434,4309.78,0.349292,12929.34,0.706771
