__run_id,__done,function_name,version,cpu_time,memory_usage,avg_cpu_time,avg_memory_usage,total_cpu_time,total_memory_usage,total_energy
run_0_repetition_0,DONE,Fibonacci,normal,0.000732;0.636375;4.036493,3.66;8.51;2.38,1.557867,4.85,4.676805,14.55,34.194408
run_1_repetition_0,DONE,Fibonacci,memoized,0.000561;0.000412;0.000270,4.02;10.20;3.99,0.000414,6.07,0.004876,18.20,0.000000
run_2_repetition_0,DONE,Knapsack,normal,0.000634;1.543291;9.445427,1.92;13.62;1.77,3.663117,5.77,10.992756,17.32,88.375197
run_3_repetition_0,DONE,Knapsack,memoized,0.000637;0.022844;0.021631,2.82;293.32;272.48,0.015037,189.54,0.048616,568.62,0.176409
run_4_repetition_0,DONE,Coin Change,normal,0.004545;0.100016;6.180598,6.12;5.35;4.64,2.095053,5.37,6.289299,16.11,54.813440
run_5_repetition_0,DONE,Coin Change,memoized,0.001253;0.000947;0.000515,6.55;5.68;5.31,0.000905,5.85,0.006044,17.54,0.000000
run_6_repetition_0,DONE,Levenshtein Distance,normal,0.010564;1.444390;7.916754,6.75;4.09;2.46,3.123903,4.43,9.375602,13.30,89.116843
run_7_repetition_0,DONE,Levenshtein Distance,memoized,0.001415;0.000851;0.001003,9.70;10.88;7.06,0.001090,9.21,0.006819,27.64,0.000000
run_8_repetition_0,DONE,Factorial,normal,0.002240;0.484189;1.723433,41.23;2120.77;3814.47,0.736621,1992.16,2.214334,5976.47,21.682463
run_9_repetition_0,DONE,Factorial,memoized,0.001338;0.553491;0.331025,52.83;16975.85;41979.58,0.295285,19669.42,0.888588,59008.26,4.091775
run_10_repetition_0,DONE,Matrix Chain Multiplication,normal,0.008450;0.348431;2.310909,4.64;3.10;2.31,0.889263,3.35,2.669964,10.04,21.111485
run_11_repetition_0,DONE,Matrix Chain Multiplication,memoized,0.002122;0.002033;0.001868,6.19;5.53;6.50,0.002008,6.07,0.009598,18.22,0.000000
run_12_repetition_0,DONE,Can I Win,normal,0.003313;0.697416;1.599019,3.27;2.38;1.46,0.766582,2.37,2.303434,7.12,23.275628
run_13_repetition_0,DONE,Can I Win,memoized,0.000816;0.040759;0.075174,6.41;142.86;289.07,0.038916,146.12,0.120312,438.35,0.423454
run_14_repetition_0,DONE,K-equal Sum Partitions,normal,0.001537;0.020049;0.112503,10.26;143.49;291.90,0.044696,148.55,0.136636,445.65,0.188637
run_15_repetition_0,DONE,K-equal Sum Partitions,memoized,0.001422;0.024290;0.131418,10.08;159.46;332.16,0.052377,167.23,0.160387,501.70,0.275424
run_16_repetition_0,DONE,All Possible Full Binary Trees,normal,0.002189;0.693018;2.631321,19.12;19781.07;65674.71,1.108843,28491.63,3.329138,85474.90,27.429639
run_17_repetition_0,DONE,All Possible Full Binary Trees,memoized,0.001414;0.081086;0.260986,6.61;3710.21;9214.40,0.114496,4310.41,0.347058,12931.22,0.588028
run_0_repetition_1,DONE,Fibonacci,normal,0.000749;0.668397;4.049321,3.66;8.51;2.38,1.572822,4.85,4.721568,14.55,35.109922
run_1_repetition_1,DONE,Fibonacci,memoized,0.000717;0.000643;0.000378,4.02;10.20;3.99,0.000579,6.07,0.005626,18.20,0.000000
run_2_repetition_1,DONE,Knapsack,normal,0.000395;1.675056;9.398388,1.92;13.62;1.77,3.691279,5.77,11.077459,17.32,112.261260
run_3_repetition_1,DONE,Knapsack,memoized,0.000714;0.020949;0.016876,2.82;293.32;272.48,0.012847,189.54,0.041868,568.62,0.173157
run_4_repetition_1,DONE,Coin Change,normal,0.004483;0.099459;5.819080,6.12;5.35;4.64,1.974341,5.37,5.926722,16.11,50.788011
run_5_repetition_1,DONE,Coin Change,memoized,0.000933;0.000832;0.000855,6.55;5.68;5.31,0.000873,5.85,0.005511,17.54,0.000000
run_6_repetition_1,DONE,Levenshtein Distance,normal,0.008686;1.400865;7.982255,6.75;4.09;2.46,3.130602,4.43,9.395769,13.30,86.658206
run_7_repetition_1,DONE,Levenshtein Distance,memoized,0.001309;0.001271;0.000891,9.70;10.88;7.06,0.001157,9.21,0.006737,27.64,0.000000
run_8_repetition_1,DONE,Factorial,normal,0.001351;0.461606;1.690560,41.23;2120.77;3814.47,0.717839,1992.16,2.157122,5976.47,18.844919
run_9_repetition_1,DONE,Factorial,memoized,0.001642;0.540729;0.356102,52.83;16975.85;41979.58,0.299491,19669.42,0.900903,59008.26,4.377998
run_10_repetition_1,DONE,Matrix Chain Multiplication,normal,0.009018;0.338263;2.297683,4.64;3.10;2.31,0.881655,3.35,2.648588,10.04,20.782774
run_11_repetition_1,DONE,Matrix Chain Multiplication,memoized,0.001036;0.002174;0.001680,6.19;5.53;6.50,0.001630,6.07,0.007358,18.22,0.000000
run_12_repetition_1,DONE,Can I Win,normal,0.002362;0.676964;1.663291,3.27;2.38;1.46,0.780873,2.37,2.346967,7.12,22.540606
run_13_repetition_1,DONE,Can I Win,memoized,0.001643;0.038996;0.059951,6.41;142.80;289.01,0.033530,146.07,0.103265,438.22,0.250409
run_14_repetition_1,DONE,K-equal Sum Partitions,normal,0.001367;0.032580;0.115611,10.26;143.49;291.90,0.049853,148.55,0.152721,445.65,0.269965
run_15_repetition_1,DONE,K-equal Sum Partitions,memoized,0.001256;0.021489;0.178866,10.08;159.39;332.10,0.067204,167.19,0.204282,501.57,0.180062
run_16_repetition_1,DONE,All Possible Full Binary Trees,normal,0.002797;0.769940;2.559904,18.56;19781.12;65674.71,1.110880,28491.47,3.334874,85474.40,30.663176
run_17_repetition_1,DONE,All Possible Full Binary Trees,memoized,0.001561;0.080434;0.265441,5.98;3710.21;9214.40,0.115812,4310.20,0.351208,12930.59,0.607671
run_0_repetition_2,DONE,Fibonacci,normal,0.000537;0.640089;4.082859,3.66;8.51;2.38,1.574495,4.85,4.727499,14.55,40.247602
run_1_repetition_2,DONE,Fibonacci,memoized,0.000806;0.000645;0.000402,4.02;10.20;3.99,0.000618,6.07,0.004577,18.20,0.000000
run_2_repetition_2,DONE,Knapsack,normal,0.000642;1.593892;9.404218,1.92;13.62;1.77,3.666251,5.77,11.002746,17.32,104.025754
run_3_repetition_2,DONE,Knapsack,memoized,0.000474;0.014998;0.019020,2.82;293.32;272.48,0.011497,189.54,0.037774,568.62,0.077703
run_4_repetition_2,DONE,Coin Change,normal,0.004566;0.098425;6.072665,6.12;5.35;4.64,2.058552,5.37,6.179485,16.11,58.006839
run_5_repetition_2,DONE,Coin Change,memoized,0.001221;0.000811;0.000751,6.55;5.68;5.31,0.000928,5.85,0.005054,17.54,0.000000
run_6_repetition_2,DONE,Levenshtein Distance,normal,0.010550;1.270340;8.067180,6.75;4.09;2.46,3.116024,4.43,9.350468,13.30,88.904219
run_7_repetition_2,DONE,Levenshtein Distance,memoized,0.001276;0.001084;0.000985,9.70;10.81;7.00,0.001115,9.17,0.006288,27.52,0.000000
run_8_repetition_2,DONE,Factorial,normal,0.002341;0.478995;1.561988,41.23;2120.77;3814.47,0.681108,1992.16,2.047272,5976.47,20.718282
run_9_repetition_2,DONE,Factorial,memoized,0.002883;0.510152;0.328258,52.83;16975.85;41979.58,0.280431,19669.42,0.844357,59008.26,3.841017
run_10_repetition_2,DONE,Matrix Chain Multiplication,normal,0.012678;0.342698;2.331079,4.64;3.10;2.31,0.895485,3.35,2.689881,10.04,22.083056
run_11_repetition_2,DONE,Matrix Chain Multiplication,memoized,0.002752;0.002287;0.001846,6.19;5.53;6.50,0.002295,6.07,0.010883,18.22,0.000000
run_12_repetition_2,DONE,Can I Win,normal,0.001603;0.744466;1.514865,3.27;2.38;1.46,0.753645,2.37,2.264659,7.12,16.126107
run_13_repetition_2,DONE,Can I Win,memoized,0.001704;0.041761;0.061531,6.41;142.80;289.01,0.034999,146.07,0.107756,438.22,0.288354
run_14_repetition_2,DONE,K-equal Sum Partitions,normal,0.001247;0.024182;0.118801,10.26;143.49;291.90,0.048077,148.55,0.147275,445.65,0.227691
run_15_repetition_2,DONE,K-equal Sum Partitions,memoized,0.001447;0.029014;0.172258,10.08;159.39;332.10,0.067573,167.19,0.205022,501.57,0.201224
run_16_repetition_2,DONE,All Possible Full Binary Trees,normal,0.003752;0.712154;2.636846,17.44;19781.12;65674.71,1.117584,28491.09,3.356029,85473.27,31.053017
run_17_repetition_2,DONE,All Possible Full Binary Trees,memoized,0.001416;0.083072;0.258275,5.23;3709.84;9214.40,0.114255,4309.82,0.346567,12929.47,0.639285
run_0_repetition_3,DONE,Fibonacci,normal,0.000761;0.658432;4.110802,3.66;8.51;2.38,1.589998,4.85,4.773517,14.55,33.977945
run_1_repetition_3,DONE,Fibonacci,memoized,0.000392;0.000602;0.000184,4.02;10.20;3.99,0.000393,6.07,0.005009,18.20,0.000000
run_2_repetition_3,DONE,Knapsack,normal,0.000620;1.562231;9.712296,1.92;13.62;1.77,3.758382,5.77,11.279440,17.32,97.668068
run_3_repetition_3,DONE,Knapsack,memoized,0.000508;0.018506;0.022650,2.82;293.32;272.48,0.013888,189.54,0.045460,568.62,0.085683
run_4_repetition_3,DONE,Coin Change,normal,0.004556;0.103384;5.902767,6.12;5.35;4.64,2.003569,5.37,6.015139,16.11,43.962929
run_5_repetition_3,DONE,Coin Change,memoized,0.001373;0.000928;0.000830,6.55;5.68;5.31,0.001044,5.85,0.005595,17.54,0.000000
run_6_repetition_3,DONE,Levenshtein Distance,normal,0.008559;1.476491;7.950566,6.75;4.09;2.46,3.145205,4.43,9.438618,13.30,90.835032
run_7_repetition_3,DONE,Levenshtein Distance,memoized,0.001191;0.000785;0.000980,9.70;10.81;7.00,0.000985,9.17,0.007207,27.52,0.000000
run_8_repetition_3,DONE,Factorial,normal,0.002344;0.476944;1.664365,41.23;2120.77;3814.47,0.714551,1992.16,2.145856,5976.47,18.829455
run_9_repetition_3,DONE,Factorial,memoized,0.002747;0.498380;0.416997,52.83;16975.85;41979.58,0.306041,19669.42,0.921067,59008.26,4.667925
run_10_repetition_3,DONE,Matrix Chain Multiplication,normal,0.009172;0.266792;2.427389,4.64;3.10;2.31,0.901118,3.35,2.705624,10.04,17.660906
run_11_repetition_3,DONE,Matrix Chain Multiplication,memoized,0.001399;0.001858;0.001002,6.19;5.53;6.50,0.001420,6.07,0.007535,18.22,0.000000
run_12_repetition_3,DONE,Can I Win,normal,0.003294;0.686004;1.544040,3.27;2.38;1.46,0.744446,2.37,2.235514,7.12,19.107164
run_13_repetition_3,DONE,Can I Win,memoized,0.001889;0.036304;0.061394,6.41;142.80;289.01,0.033196,146.07,0.102925,438.22,0.248941
run_14_repetition_3,DONE,K-equal Sum Partitions,normal,0.001169;0.024301;0.118333,10.26;143.49;291.90,0.047934,148.55,0.146056,445.65,0.158761
run_15_repetition_3,DONE,K-equal Sum Partitions,memoized,0.001436;0.025193;0.165482,10.08;159.39;332.10,0.064037,167.19,0.195584,501.57,0.260218
run_16_repetition_3,DONE,All Possible Full Binary Trees,normal,0.002386;0.733855;2.479715,17.25;19781.12;65674.71,1.071986,28491.03,3.218463,85473.08,27.910920
run_17_repetition_3,DONE,All Possible Full Binary Trees,memoized,0.001326;0.084388;0.275808,5.23;3709.71;9214.40,0.120507,4309.78,0.365081,12929.34,1.144699
run_0_repetition_4,DONE,Fibonacci,normal,0.000819;0.728211;4.189076,3.66;8.51;2.38,1.639369,4.85,4.922005,14.55,38.615139
run_1_repetition_4,DONE,Fibonacci,memoized,0.000717;0.000566;0.000426,4.02;10.20;3.99,0.000570,6.07,0.004653,18.20,0.000000
run_2_repetition_4,DONE,Knapsack,normal,0.000541;1.518580;9.423042,1.92;13.62;1.77,3.647388,5.77,10.946234,17.32,92.010645
run_3_repetition_4,DONE,Knapsack,memoized,0.000755;0.018133;0.021090,2.82;293.32;272.48,0.013326,189.54,0.042849,568.62,0.164655
run_4_repetition_4,DONE,Coin Change,normal,0.002761;0.099346;5.800173,6.12;5.35;4.64,1.967427,5.37,5.904904,16.11,44.650631
run_5_repetition_4,DONE,Coin Change,memoized,0.000806;0.000717;0.001031,6.55;5.68;5.31,0.000851,5.85,0.004928,17.54,0.000000
run_6_repetition_4,DONE,Levenshtein Distance,normal,0.004116;1.366313;7.711927,6.75;4.09;2.46,3.027452,4.43,9.085737,13.30,78.019352
run_7_repetition_4,DONE,Levenshtein Distance,memoized,0.001239;0.001251;0.000891,9.70;10.81;7.00,0.001127,9.17,0.006568,27.52,0.000000
run_8_repetition_4,DONE,Factorial,normal,0.002149;0.538951;1.594477,41.23;2120.77;3814.47,0.711859,1992.16,2.138649,5976.47,18.117642
run_9_repetition_4,DONE,Factorial,memoized,0.002675;0.565903;0.364146,52.83;16975.85;41979.58,0.310908,19669.42,0.935464,59008.26,5.576967
run_10_repetition_4,DONE,Matrix Chain Multiplication,normal,0.008214;0.306274;2.432543,4.64;3.10;2.31,0.915677,3.35,2.751118,10.04,19.362102
run_11_repetition_4,DONE,Matrix Chain Multiplication,memoized,0.002130;0.000981;0.001882,6.19;5.53;6.50,0.001664,6.07,0.007807,18.22,0.000000
run_12_repetition_4,DONE,Can I Win,normal,0.003289;0.684407;1.728212,3.27;2.38;1.46,0.805303,2.37,2.418967,7.12,18.181933
run_13_repetition_4,DONE,Can I Win,memoized,0.001874;0.033068;0.063833,6.41;142.80;289.01,0.032925,146.07,0.102142,438.22,0.371312
run_14_repetition_4,DONE,K-equal Sum Partitions,normal,0.001700;0.023172;0.115198,10.26;143.49;291.90,0.046690,148.55,0.143712,445.65,0.171790
run_15_repetition_4,DONE,K-equal Sum Partitions,memoized,0.001448;0.024515;0.166544,10.08;159.39;332.10,0.064169,167.19,0.196503,501.57,0.223486
run_16_repetition_4,DONE,All Possible Full Binary Trees,normal,0.002844;0.781414;2.445993,17.25;19781.12;65674.71,1.076750,28491.03,3.233026,85473.08,30.311937
run_17_repetition_4,DONE,All Possible Full Binary Trees,memoized,0.001486;0.082425;0.267012,5.23;3709.71;9214.40,0.116974,4309.78,0.353082,12929.34,1.207104
run_0_repetition_5,DONE,Fibonacci,normal,0.000523;0.615348;4.111937,3.66;8.51;2.38,1.575936,4.85,4.732054,14.55,37.997571
run_1_repetition_5,DONE,Fibonacci,memoized,0.000668;0.000631;0.000368,4.02;10.20;3.99,0.000556,6.07,0.004641,18.20,0.000000
run_2_repetition_5,DONE,Knapsack,normal,0.000594;1.550268;9.520685,1.92;13.62;1.77,3.690516,5.77,11.075838,17.32,102.070575
run_3_repetition_5,DONE,Knapsack,memoized,0.000677;0.020884;0.019657,2.82;293.32;272.48,0.013739,189.54,0.044230,568.62,0.187503
run_4_repetition_5,DONE,Coin Change,normal,0.007265;0.101526;5.761743,6.12;5.35;4.64,1.956845,5.37,5.873398,16.11,50.833543
run_5_repetition_5,DONE,Coin Change,memoized,0.000920;0.000573;0.000907,6.55;5.68;5.31,0.000800,5.85,0.005086,17.54,0.000000
run_6_repetition_5,DONE,Levenshtein Distance,normal,0.010607;1.338632;8.314133,6.75;4.09;2.46,3.221124,4.43,9.667205,13.30,96.533126
run_7_repetition_5,DONE,Levenshtein Distance,memoized,0.001422;0.001294;0.000866,9.70;10.81;7.00,0.001194,9.17,0.007274,27.52,0.000000
run_8_repetition_5,DONE,Factorial,normal,0.002092;0.456551;1.703747,41.23;2120.77;3814.47,0.720797,1992.16,2.165194,5976.47,19.924876
run_9_repetition_5,DONE,Factorial,memoized,0.001827;0.607863;0.423390,52.83;16975.85;41979.58,0.344360,19669.42,1.036353,59008.26,8.775778
run_10_repetition_5,DONE,Matrix Chain Multiplication,normal,0.010254;0.367943;2.471924,4.64;3.10;2.31,0.950040,3.35,2.853521,10.04,17.542697
run_11_repetition_5,DONE,Matrix Chain Multiplication,memoized,0.002121;0.001537;0.001972,6.19;5.53;6.50,0.001877,6.07,0.009155,18.22,0.000000
run_12_repetition_5,DONE,Can I Win,normal,0.001408;0.643349;1.670607,3.27;2.38;1.46,0.771788,2.37,2.318920,7.12,22.601834
run_13_repetition_5,DONE,Can I Win,memoized,0.001434;0.038226;0.056036,6.41;142.80;289.01,0.031899,146.07,0.099658,438.22,0.373765
run_14_repetition_5,DONE,K-equal Sum Partitions,normal,0.000935;0.020913;0.113377,10.26;143.49;291.90,0.045075,148.55,0.137544,445.65,0.102148
run_15_repetition_5,DONE,K-equal Sum Partitions,memoized,0.001415;0.025275;0.175185,10.08;159.39;332.10,0.067292,167.19,0.205740,501.57,0.192091
run_16_repetition_5,DONE,All Possible Full Binary Trees,normal,0.003249;0.748281;2.380620,17.25;19781.12;65674.71,1.044050,28491.03,3.135681,85473.08,26.001669
run_17_repetition_5,DONE,All Possible Full Binary Trees,memoized,0.001433;0.076849;0.250647,5.23;3709.71;9214.40,0.109643,4309.78,0.332148,12929.34,1.012412
run_0_repetition_6,DONE,Fibonacci,normal,0.000656;0.618801;4.217127,3.66;8.51;2.38,1.612194,4.85,4.839086,14.55,35.603055
run_1_repetition_6,DONE,Fibonacci,memoized,0.000710;0.000620;0.000375,4.02;10.20;3.99,0.000568,6.07,0.004231,18.20,0.000000
run_2_repetition_6,DONE,Knapsack,normal,0.000601;1.541256;9.445032,1.92;13.62;1.77,3.662296,5.77,10.990674,17.32,87.055329
run_3_repetition_6,DONE,Knapsack,memoized,0.000739;0.017512;0.018080,2.82;293.32;272.48,0.012110,189.54,0.039535,568.62,0.200806
run_4_repetition_6,DONE,Coin Change,normal,0.004178;0.098221;5.932944,6.12;5.35;4.64,2.011781,5.37,6.038864,16.11,55.556988
run_5_repetition_6,DONE,Coin Change,memoized,0.001156;0.000970;0.001225,6.55;5.68;5.31,0.001117,5.85,0.006896,17.54,0.000000
run_6_repetition_6,DONE,Levenshtein Distance,normal,0.009317;1.362509;7.693036,6.75;4.09;2.46,3.021621,4.43,9.067359,13.30,77.929486
run_7_repetition_6,DONE,Levenshtein Distance,memoized,0.001345;0.001205;0.000992,9.70;10.81;7.00,0.001181,9.17,0.006716,27.52,0.000000
run_8_repetition_6,DONE,Factorial,normal,0.001301;0.484125;1.592475,41.23;2120.77;3814.47,0.692634,1992.16,2.081698,5976.47,20.688154
run_9_repetition_6,DONE,Factorial,memoized,0.001695;0.594385;0.417542,52.83;16975.85;41979.58,0.337874,19669.42,1.016209,59008.26,6.757809
run_10_repetition_6,DONE,Matrix Chain Multiplication,normal,0.010742;0.344007;2.327033,4.64;3.10;2.31,0.893928,3.35,2.684354,10.04,15.650640
run_11_repetition_6,DONE,Matrix Chain Multiplication,memoized,0.001893;0.002516;0.001895,6.19;5.53;6.50,0.002101,6.07,0.009290,18.22,0.083384
run_12_repetition_6,DONE,Can I Win,normal,0.002075;0.676685;1.508330,3.27;2.38;1.46,0.729030,2.37,2.190479,7.12,23.247338
run_13_repetition_6,DONE,Can I Win,memoized,0.001826;0.035915;0.065787,6.41;142.80;289.01,0.034509,146.07,0.106997,438.22,0.271659
run_14_repetition_6,DONE,K-equal Sum Partitions,normal,0.001249;0.031420;0.122918,10.26;143.49;291.90,0.051862,148.55,0.157845,445.65,0.225493
run_15_repetition_6,DONE,K-equal Sum Partitions,memoized,0.000722;0.025623;0.170594,10.08;159.39;332.10,0.065646,167.19,0.201154,501.57,0.189758
run_16_repetition_6,DONE,All Possible Full Binary Trees,normal,0.003537;0.726916;2.587997,17.25;19781.12;65674.71,1.106150,28491.03,3.320910,85473.08,29.875683
run_17_repetition_6,DONE,All Possible Full Binary Trees,memoized,0.001026;0.080780;0.305948,5.23;3709.71;9214.40,0.129251,4309.78,0.391344,12929.34,0.992033
run_0_repetition_7,DONE,Fibonacci,normal,0.000766;0.622580;4.207388,3.66;8.51;2.38,1.610245,4.85,4.834815,14.55,37.671629
run_1_repetition_7,DONE,Fibonacci,memoized,0.000774;0.000601;0.000216,4.02;10.20;3.99,0.000530,6.07,0.005173,18.20,0.000000
run_2_repetition_7,DONE,Knapsack,normal,0.000396;1.681442;9.316648,1.92;13.62;1.77,3.666162,5.77,11.002407,17.32,100.156100
run_3_repetition_7,DONE,Knapsack,memoized,0.000382;0.023433;0.018790,2.82;293.32;272.48,0.014202,189.54,0.045818,568.62,0.181682
run_4_repetition_7,DONE,Coin Change,normal,0.004563;0.099969;5.947482,6.12;5.35;4.64,2.017338,5.37,6.055408,16.11,46.412575
run_5_repetition_7,DONE,Coin Change,memoized,0.001225;0.000871;0.000973,6.55;5.68;5.31,0.001023,5.85,0.006033,17.54,0.000000
run_6_repetition_7,DONE,Levenshtein Distance,normal,0.010432;1.340406;8.053476,6.75;4.09;2.46,3.134772,4.43,9.408520,13.30,92.906633
run_7_repetition_7,DONE,Levenshtein Distance,memoized,0.000994;0.001235;0.001004,9.70;10.81;7.00,0.001078,9.17,0.006489,27.52,0.000000
run_8_repetition_7,DONE,Factorial,normal,0.002309;0.500773;1.721927,41.23;2120.77;3814.47,0.741670,1992.16,2.228591,5976.47,16.893079
run_9_repetition_7,DONE,Factorial,memoized,0.002490;0.581313;0.405148,52.83;16975.85;41979.58,0.329650,19669.42,0.992259,59008.26,5.286150
run_10_repetition_7,DONE,Matrix Chain Multiplication,normal,0.010617;0.309844;2.415316,4.64;3.10;2.31,0.911926,3.35,2.738689,10.04,18.115515
run_11_repetition_7,DONE,Matrix Chain Multiplication,memoized,0.000725;0.000852;0.000795,6.19;5.53;6.50,0.000791,6.07,0.005358,18.22,0.000000
run_12_repetition_7,DONE,Can I Win,normal,0.003071;0.709744;1.595437,3.27;2.38;1.46,0.769417,2.37,2.312107,7.12,17.091702
run_13_repetition_7,DONE,Can I Win,memoized,0.001210;0.041900;0.060912,6.41;142.80;289.01,0.034674,146.07,0.107861,438.22,0.295921
run_14_repetition_7,DONE,K-equal Sum Partitions,normal,0.001214;0.026181;0.109399,10.26;143.49;291.90,0.045598,148.55,0.139604,445.65,0.273973
run_15_repetition_7,DONE,K-equal Sum Partitions,memoized,0.001427;0.022547;0.177534,10.08;159.39;332.10,0.067169,167.19,0.204857,501.57,0.175104
run_16_repetition_7,DONE,All Possible Full Binary Trees,normal,0.003231;0.727863;2.488147,17.25;19781.12;65674.71,1.073080,28491.03,3.222363,85473.08,24.696528
run_17_repetition_7,DONE,All Possible Full Binary Trees,memoized,0.001407;0.079536;0.264925,5.23;3709.71;9214.40,0.115289,4309.78,0.348528,12929.34,0.804051
run_0_repetition_8,DONE,Fibonacci,normal,0.000773;0.684066;3.971779,3.66;8.51;2.38,1.552206,4.85,4.659587,14.55,40.161447
run_1_repetition_8,DONE,Fibonacci,memoized,0.000730;0.000620;0.000424,4.02;10.20;3.99,0.000591,6.07,0.005596,18.20,0.000000
run_2_repetition_8,DONE,Knapsack,normal,0.000545;1.559376;9.419318,1.92;13.62;1.77,3.659747,5.77,10.983299,17.32,97.903465
run_3_repetition_8,DONE,Knapsack,memoized,0.000752;0.024182;0.017951,2.82;293.32;272.48,0.014295,189.54,0.046360,568.62,0.196254
run_4_repetition_8,DONE,Coin Change,normal,0.004480;0.102381;6.007278,6.12;5.35;4.64,2.038047,5.37,6.117011,16.11,53.941220
run_5_repetition_8,DONE,Coin Change,memoized,0.001077;0.000796;0.000470,6.55;5.68;5.31,0.000781,5.85,0.005635,17.54,0.000000
run_6_repetition_8,DONE,Levenshtein Distance,normal,0.010520;1.390155;8.088584,6.75;4.09;2.46,3.163087,4.43,9.492209,13.30,79.046332
run_7_repetition_8,DONE,Levenshtein Distance,memoized,0.001424;0.001341;0.000966,9.70;10.81;7.00,0.001243,9.17,0.007510,27.52,0.000000
run_8_repetition_8,DONE,Factorial,normal,0.002235;0.555187;1.829215,41.23;2120.77;3814.47,0.795545,1992.16,2.389755,5976.47,14.702031
run_9_repetition_8,DONE,Factorial,memoized,0.002826;0.568201;0.349083,52.83;16975.85;41979.58,0.306703,19669.42,0.923862,59008.26,6.312130
run_10_repetition_8,DONE,Matrix Chain Multiplication,normal,0.005178;0.347893;2.389566,4.64;3.10;2.31,0.914212,3.35,2.745817,10.04,19.591209
run_11_repetition_8,DONE,Matrix Chain Multiplication,memoized,0.001093;0.001301;0.001222,6.19;5.53;6.50,0.001205,6.07,0.006274,18.22,0.000000
run_12_repetition_8,DONE,Can I Win,normal,0.002754;0.751659;1.536097,3.27;2.38;1.46,0.763503,2.37,2.293322,7.12,17.646571
run_13_repetition_8,DONE,Can I Win,memoized,0.001794;0.034843;0.065109,6.41;142.80;289.01,0.033915,146.07,0.105353,438.22,0.572582
run_14_repetition_8,DONE,K-equal Sum Partitions,normal,0.001420;0.025870;0.112150,10.26;143.49;291.90,0.046480,148.55,0.142904,445.65,0.333425
run_15_repetition_8,DONE,K-equal Sum Partitions,memoized,0.001424;0.028915;0.173047,10.08;159.39;332.10,0.067795,167.19,0.206274,501.57,0.343803
run_16_repetition_8,DONE,All Possible Full Binary Trees,normal,0.001968;0.779237;2.664916,17.25;19781.12;65674.71,1.148707,28491.03,3.449084,85473.08,34.018032
run_17_repetition_8,DONE,All Possible Full Binary Trees,memoized,0.001399;0.081153;0.286961,5.23;3709.71;9214.40,0.123171,4309.78,0.372870,12929.34,0.794293
run_0_repetition_9,DONE,Fibonacci,normal,0.000752;0.622644;4.052661,3.66;8.51;2.38,1.558686,4.85,4.678961,14.55,43.730733
run_1_repetition_9,DONE,Fibonacci,memoized,0.000728;0.000608;0.000396,4.02;10.20;3.99,0.000577,6.07,0.005311,18.20,0.000000
run_2_repetition_9,DONE,Knapsack,normal,0.000597;1.541458;9.520512,1.92;13.62;1.77,3.687522,5.77,11.066140,17.32,107.726333
run_3_repetition_9,DONE,Knapsack,memoized,0.000743;0.018806;0.018209,2.82;293.32;272.48,0.012586,189.54,0.041485,568.62,0.083232
run_4_repetition_9,DONE,Coin Change,normal,0.001887;0.104283;6.166606,6.12;5.35;4.64,2.090925,5.37,6.276853,16.11,53.399149
run_5_repetition_9,DONE,Coin Change,memoized,0.001205;0.000949;0.000505,6.55;5.68;5.31,0.000886,5.85,0.006642,17.54,0.000000
run_6_repetition_9,DONE,Levenshtein Distance,normal,0.004176;1.453738;8.202532,6.75;4.09;2.46,3.220149,4.43,9.664751,13.30,93.332518
run_7_repetition_9,DONE,Levenshtein Distance,memoized,0.000957;0.001213;0.000887,9.70;10.81;7.00,0.001019,9.17,0.005161,27.52,0.000000
run_8_repetition_9,DONE,Factorial,normal,0.002297;0.478919;1.625021,41.23;2120.77;3814.47,0.702079,1992.16,2.109933,5976.47,19.393440
run_9_repetition_9,DONE,Factorial,memoized,0.003660;0.601531;0.414502,52.83;16975.85;41979.58,0.339898,19669.42,1.023773,59008.26,5.095310
run_10_repetition_9,DONE,Matrix Chain Multiplication,normal,0.010239;0.249071;2.354041,4.64;3.10;2.31,0.871117,3.35,2.616661,10.04,18.117643
run_11_repetition_9,DONE,Matrix Chain Multiplication,memoized,0.001890;0.001932;0.001355,6.19;5.53;6.50,0.001726,6.07,0.008588,18.22,0.000000
run_12_repetition_9,DONE,Can I Win,normal,0.001521;0.784831;1.655815,3.27;2.38;1.46,0.814055,2.37,2.444690,7.12,17.905445
run_13_repetition_9,DONE,Can I Win,memoized,0.001650;0.043007;0.067167,6.41;142.80;289.01,0.037275,146.07,0.114547,438.22,0.372920
run_14_repetition_9,DONE,K-equal Sum Partitions,normal,0.001306;0.028386;0.115083,10.26;143.49;291.90,0.048258,148.55,0.148416,445.65,0.199106
run_15_repetition_9,DONE,K-equal Sum Partitions,memoized,0.000784;0.026127;0.172921,10.08;159.39;332.10,0.066611,167.19,0.203568,501.57,0.318815
run_16_repetition_9,DONE,All Possible Full Binary Trees,normal,0.002911;0.716899;2.545053,17.25;19781.12;65674.71,1.088288,28491.03,3.268213,85473.08,29.323335
run_17_repetition_9,DONE,All Possible Full Binary Trees,memoized,0.001417;0.075188;0.275556,5.23;3709.71;9214.40,0.117387,4309.78,0.355780,12929.34,0.576634
run_0_repetition_10,DONE,Fibonacci,normal,0.000600;0.677696;4.120027,3.66;8.51;2.38,1.599441,4.85,4.801961,14.55,38.956360
run_1_repetition_10,DONE,Fibonacci,memoized,0.000588;0.000519;0.000376,4.02;10.20;3.99,0.000494,6.07,0.005151,18.20,0.000000
run_2_repetition_10,DONE,Knapsack,normal,0.000610;1.477629;9.439722,1.92;13.62;1.77,3.639320,5.77,10.920897,17.32,96.990846
run_3_repetition_10,DONE,Knapsack,memoized,0.000726;0.023538;0.021951,2.82;293.32;272.48,0.015405,189.54,0.048899,568.62,0.175037
run_4_repetition_10,DONE,Coin Change,normal,0.004055;0.106144;5.928235,6.12;5.35;4.64,2.012811,5.37,6.042276,16.11,51.209770
run_5_repetition_10,DONE,Coin Change,memoized,0.000934;0.000779;0.000913,6.55;5.68;5.31,0.000875,5.85,0.004964,17.54,0.000000
run_6_repetition_10,DONE,Levenshtein Distance,normal,0.009787;1.441326;7.877448,6.75;4.09;2.46,3.109520,4.43,9.331202,13.30,77.014352
run_7_repetition_10,DONE,Levenshtein Distance,memoized,0.001395;0.001331;0.000966,9.70;10.81;7.00,0.001231,9.17,0.005925,27.52,0.000000
run_8_repetition_10,DONE,Factorial,normal,0.002319;0.493895;1.719279,41.23;2120.77;3814.47,0.738498,1992.16,2.219473,5976.47,19.586170
run_9_repetition_10,DONE,Factorial,memoized,0.002592;0.568585;0.401691,52.83;16975.85;41979.58,0.324289,19669.42,0.976868,59008.26,4.662541
run_10_repetition_10,DONE,Matrix Chain Multiplication,normal,0.012339;0.311613;2.390769,4.64;3.10;2.31,0.904907,3.35,2.718063,10.04,19.995068
run_11_repetition_10,DONE,Matrix Chain Multiplication,memoized,0.002124;0.002350;0.001946,6.19;5.53;6.50,0.002140,6.07,0.009485,18.22,0.000000
run_12_repetition_10,DONE,Can I Win,normal,0.002932;0.711354;1.620900,3.27;2.38;1.46,0.778395,2.37,2.339169,7.12,17.359105
run_13_repetition_10,DONE,Can I Win,memoized,0.001632;0.040430;0.060856,6.41;142.80;289.01,0.034306,146.07,0.106309,438.22,0.301914
run_14_repetition_10,DONE,K-equal Sum Partitions,normal,0.001205;0.028093;0.115259,10.26;143.49;291.90,0.048186,148.55,0.147137,445.65,0.284180
run_15_repetition_10,DONE,K-equal Sum Partitions,memoized,0.001278;0.019904;0.176929,10.08;159.39;332.10,0.066037,167.19,0.201179,501.57,0.246499
run_16_repetition_10,DONE,All Possible Full Binary Trees,normal,0.003415;0.741294;2.804651,17.25;19781.12;65674.71,1.183120,28491.03,3.552680,85473.08,29.841311
run_17_repetition_10,DONE,All Possible Full Binary Trees,memoized,0.001501;0.129267;0.269789,5.23;3709.71;9214.40,0.133519,4309.78,0.404151,12929.34,1.614124
run_0_repetition_11,DONE,Fibonacci,normal,0.000788;0.619593;4.032161,3.66;8.51;2.38,1.550847,4.85,4.656431,14.55,46.223715
run_1_repetition_11,DONE,Fibonacci,memoized,0.000397;0.000730;0.000200,4.02;10.20;3.99,0.000442,6.07,0.004015,18.20,0.000000
run_2_repetition_11,DONE,Knapsack,normal,0.000578;1.651521;9.309048,1.92;13.62;1.77,3.653716,5.77,10.964727,17.32,104.281217
run_3_repetition_11,DONE,Knapsack,memoized,0.000690;0.020784;0.021652,2.82;293.32;272.48,0.014375,189.54,0.045985,568.62,0.199420
run_4_repetition_11,DONE,Coin Change,normal,0.004179;0.100323;5.681252,6.12;5.35;4.64,1.928585,5.37,5.789703,16.11,39.470646
run_5_repetition_11,DONE,Coin Change,memoized,0.000696;0.000637;0.000923,6.55;5.68;5.31,0.000752,5.85,0.004962,17.54,0.000000
run_6_repetition_11,DONE,Levenshtein Distance,normal,0.009340;1.339831;7.853993,6.75;4.09;2.46,3.067721,4.43,9.206580,13.30,94.246668
run_7_repetition_11,DONE,Levenshtein Distance,memoized,0.001323;0.001335;0.000971,9.70;10.81;7.00,0.001210,9.17,0.007489,27.52,0.000000
run_8_repetition_11,DONE,Factorial,normal,0.002394;0.470039;1.661313,41.23;2120.77;3814.47,0.711248,1992.16,2.137167,5976.47,17.050602
run_9_repetition_11,DONE,Factorial,memoized,0.001522;0.550289;0.332711,52.83;16975.85;41979.58,0.294841,19669.42,0.888119,59008.26,5.449070
run_10_repetition_11,DONE,Matrix Chain Multiplication,normal,0.012182;0.336805;2.355588,4.64;3.10;2.31,0.901525,3.35,2.708109,10.04,19.892207
run_11_repetition_11,DONE,Matrix Chain Multiplication,memoized,0.002095;0.002355;0.001168,6.19;5.53;6.50,0.001873,6.07,0.008775,18.22,0.173875
run_12_repetition_11,DONE,Can I Win,normal,0.003334;0.756924;1.523691,3.27;2.38;1.46,0.761316,2.37,2.287317,7.12,16.121392
run_13_repetition_11,DONE,Can I Win,memoized,0.000839;0.048920;0.060452,6.41;142.80;289.01,0.036737,146.07,0.112352,438.22,0.292526
run_14_repetition_11,DONE,K-equal Sum Partitions,normal,0.001482;0.030375;0.112071,10.26;143.49;291.90,0.047976,148.55,0.147837,445.65,0.303176
run_15_repetition_11,DONE,K-equal Sum Partitions,memoized,0.001389;0.025520;0.173924,10.08;159.39;332.10,0.066944,167.19,0.204462,501.57,0.184868
run_16_repetition_11,DONE,All Possible Full Binary Trees,normal,0.003530;0.669247;2.585685,17.25;19781.12;65674.71,1.086154,28491.03,3.262027,85473.08,32.717244
run_17_repetition_11,DONE,All Possible Full Binary Trees,memoized,0.001351;0.080371;0.261530,5.23;3709.71;9214.40,0.114417,4309.78,0.345406,12929.34,0.618832
run_0_repetition_12,DONE,Fibonacci,normal,0.000814;0.646488;4.467521,3.66;8.51;2.38,1.704941,4.85,5.117101,14.55,50.339591
run_1_repetition_12,DONE,Fibonacci,memoized,0.000717;0.000600;0.000358,4.02;10.20;3.99,0.000558,6.07,0.004847,18.20,0.000000
run_2_repetition_12,DONE,Knapsack,normal,0.000645;1.622726;9.151129,1.92;13.62;1.77,3.591500,5.77,10.778375,17.32,103.055125
run_3_repetition_12,DONE,Knapsack,memoized,0.000735;0.019520;0.023009,2.82;293.32;272.48,0.014421,189.54,0.047026,568.62,0.183755
run_4_repetition_12,DONE,Coin Change,normal,0.004531;0.099538;5.984771,6.12;5.35;4.64,2.029613,5.37,6.091966,16.11,53.694241
run_5_repetition_12,DONE,Coin Change,memoized,0.001146;0.000631;0.000907,6.55;5.68;5.31,0.000895,5.85,0.006418,17.54,0.000000
run_6_repetition_12,DONE,Levenshtein Distance,normal,0.009344;1.374672;7.857192,6.75;4.09;2.46,3.080402,4.43,9.244846,13.30,78.998393
run_7_repetition_12,DONE,Levenshtein Distance,memoized,0.001379;0.000600;0.001009,9.70;10.81;7.00,0.000996,9.17,0.005238,27.52,0.000000
run_8_repetition_12,DONE,Factorial,normal,0.002333;0.495910;1.606846,41.23;2120.77;3814.47,0.701696,1992.16,2.108608,5976.47,20.679792
run_9_repetition_12,DONE,Factorial,memoized,0.002688;0.593575;0.437727,52.83;16975.85;41979.58,0.344663,19669.42,1.036822,59008.26,8.471667
run_10_repetition_12,DONE,Matrix Chain Multiplication,normal,0.007817;0.324613;2.261086,4.64;3.10;2.31,0.864505,3.35,2.596112,10.04,22.705629
run_11_repetition_12,DONE,Matrix Chain Multiplication,memoized,0.002108;0.002113;0.001359,6.19;5.53;6.50,0.001860,6.07,0.008306,18.22,0.000000
run_12_repetition_12,DONE,Can I Win,normal,0.002720;0.655101;1.539364,3.27;2.38;1.46,0.732395,2.37,2.200738,7.12,19.817868
run_13_repetition_12,DONE,Can I Win,memoized,0.001630;0.039617;0.081542,6.41;142.80;289.01,0.040930,146.07,0.125727,438.22,0.330323
run_14_repetition_12,DONE,K-equal Sum Partitions,normal,0.001318;0.028335;0.111030,10.26;143.49;291.90,0.046894,148.55,0.144760,445.65,0.446281
run_15_repetition_12,DONE,K-equal Sum Partitions,memoized,0.001460;0.027455;0.179327,10.08;159.39;332.10,0.069414,167.19,0.211917,501.57,0.337542
run_16_repetition_12,DONE,All Possible Full Binary Trees,normal,0.002765;0.785852;2.360226,17.25;19781.12;65674.71,1.049614,28491.03,3.152695,85473.08,25.947165
run_17_repetition_12,DONE,All Possible Full Binary Trees,memoized,0.001491;0.083561;0.288531,5.23;3709.71;9214.40,0.124528,4309.78,0.375810,12929.34,0.863354
run_0_repetition_13,DONE,Fibonacci,normal,0.000750;0.667354;4.103615,3.66;8.51;2.38,1.590573,4.85,4.776219,14.55,47.464352
run_1_repetition_13,DONE,Fibonacci,memoized,0.000448;0.000416;0.000422,4.02;10.20;3.99,0.000429,6.07,0.004077,18.20,0.000000
run_2_repetition_13,DONE,Knapsack,normal,0.000558;1.719965;9.570993,1.92;13.62;1.77,3.763839,5.77,11.295104,17.32,97.171341
run_3_repetition_13,DONE,Knapsack,memoized,0.000459;0.019342;0.022016,2.82;293.32;272.48,0.013939,189.54,0.045393,568.62,0.160698
run_4_repetition_13,DONE,Coin Change,normal,0.005747;0.125828;5.904181,6.12;5.35;4.64,2.011919,5.37,6.038983,16.11,53.102737
run_5_repetition_13,DONE,Coin Change,memoized,0.001023;0.000655;0.000485,6.55;5.68;5.31,0.000721,5.85,0.005179,17.54,0.000000
run_6_repetition_13,DONE,Levenshtein Distance,normal,0.008396;1.491692;7.984982,6.75;4.09;2.46,3.161690,4.43,9.488447,13.30,79.063644
run_7_repetition_13,DONE,Levenshtein Distance,memoized,0.001422;0.001293;0.000986,9.70;10.81;7.00,0.001234,9.17,0.007211,27.52,0.000000
run_8_repetition_13,DONE,Factorial,normal,0.002126;0.553005;1.657934,41.23;2120.77;3814.47,0.737689,1992.16,2.216394,5976.47,22.553349
run_9_repetition_13,DONE,Factorial,memoized,0.002621;0.588725;0.337093,52.83;16975.85;41979.58,0.309480,19669.42,0.932213,59008.26,8.882223
run_10_repetition_13,DONE,Matrix Chain Multiplication,normal,0.007767;0.291138;2.324405,4.64;3.10;2.31,0.874437,3.35,2.626238,10.04,17.684395
run_11_repetition_13,DONE,Matrix Chain Multiplication,memoized,0.001959;0.002080;0.001875,6.19;5.53;6.50,0.001971,6.07,0.008795,18.22,0.000000
run_12_repetition_13,DONE,Can I Win,normal,0.003043;0.670072;1.598123,3.27;2.38;1.46,0.757079,2.37,2.274126,7.12,22.186164
run_13_repetition_13,DONE,Can I Win,memoized,0.000851;0.038663;0.056649,6.41;142.80;289.01,0.032054,146.07,0.099143,438.22,0.419352
run_14_repetition_13,DONE,K-equal Sum Partitions,normal,0.001228;0.027538;0.107096,10.26;143.49;291.90,0.045287,148.55,0.139366,445.65,0.297894
run_15_repetition_13,DONE,K-equal Sum Partitions,memoized,0.001333;0.026218;0.170375,10.08;159.39;332.10,0.065975,167.19,0.200529,501.57,0.217314
run_16_repetition_13,DONE,All Possible Full Binary Trees,normal,0.003331;0.720423;2.500769,17.25;19781.12;65674.71,1.074841,28491.03,3.227911,85473.08,28.417084
run_17_repetition_13,DONE,All Possible Full Binary Trees,memoized,0.001413;0.081485;0.259082,5.23;3709.71;9214.40,0.113993,4309.78,0.345209,12929.34,0.882735
run_0_repetition_14,DONE,Fibonacci,normal,0.000438;0.742728;4.308291,3.66;8.51;2.38,1.683819,4.85,5.054477,14.55,46.054601
run_1_repetition_14,DONE,Fibonacci,memoized,0.000713;0.000626;0.000436,4.02;10.20;3.99,0.000591,6.07,0.004615,18.20,0.000000
run_2_repetition_14,DONE,Knapsack,normal,0.000625;1.532567;9.355652,1.92;13.62;1.77,3.629615,5.77,10.892770,17.32,106.704040
run_3_repetition_14,DONE,Knapsack,memoized,0.000489;0.024217;0.013906,2.82;293.32;272.48,0.012871,189.54,0.041616,568.62,0.261012
run_4_repetition_14,DONE,Coin Change,normal,0.004532;0.101951;5.775282,6.12;5.35;4.64,1.960588,5.37,5.885204,16.11,51.033558
run_5_repetition_14,DONE,Coin Change,memoized,0.001141;0.000896;0.000654,6.55;5.68;5.31,0.000897,5.85,0.006489,17.54,0.000000
run_6_repetition_14,DONE,Levenshtein Distance,normal,0.007707;1.378240;8.157995,6.75;4.09;2.46,3.181314,4.43,9.547370,13.30,89.040191
run_7_repetition_14,DONE,Levenshtein Distance,memoized,0.000708;0.001308;0.000965,9.70;10.81;7.00,0.000994,9.17,0.005928,27.52,0.000000
run_8_repetition_14,DONE,Factorial,normal,0.001488;0.472382;1.673090,41.23;2120.77;3814.47,0.715653,1992.16,2.150960,5976.47,17.609177
run_9_repetition_14,DONE,Factorial,memoized,0.002692;0.545614;0.399570,52.83;16975.85;41979.58,0.315959,19669.42,0.950931,59008.26,4.875220
run_10_repetition_14,DONE,Matrix Chain Multiplication,normal,0.010899;0.337360;2.281982,4.64;3.10;2.31,0.876747,3.35,2.633578,10.04,21.613750
run_11_repetition_14,DONE,Matrix Chain Multiplication,memoized,0.001565;0.001796;0.001946,6.19;5.53;6.50,0.001769,6.07,0.009442,18.22,0.000000
run_12_repetition_14,DONE,Can I Win,normal,0.001497;0.729239;1.566296,3.27;2.38;1.46,0.765677,2.37,2.300924,7.12,20.764918
run_13_repetition_14,DONE,Can I Win,memoized,0.001883;0.036950;0.063851,6.41;142.80;289.01,0.034228,146.07,0.104854,438.22,0.294412
run_14_repetition_14,DONE,K-equal Sum Partitions,normal,0.001255;0.025927;0.115623,10.26;143.49;291.90,0.047602,148.55,0.146135,445.65,0.244702
run_15_repetition_14,DONE,K-equal Sum Partitions,memoized,0.001690;0.029842;0.177284,10.08;159.39;332.10,0.069605,167.19,0.211568,501.57,0.234943
run_16_repetition_14,DONE,All Possible Full Binary Trees,normal,0.003220;0.714709;2.433244,17.25;19781.12;65674.71,1.050391,28491.03,3.154720,85473.08,27.266486
run_17_repetition_14,DONE,All Possible Full Binary Trees,memoized,0.001332;0.081899;0.250451,5.23;3709.71;9214.40,0.111227,4309.78,0.336959,12929.34,0.670230
run_0_repetition_15,DONE,Fibonacci,normal,0.000784;0.672250;3.994679,3.66;8.51;2.38,1.555904,4.85,4.671007,14.55,42.291827
run_1_repetition_15,DONE,Fibonacci,memoized,0.000790;0.000419;0.000428,4.02;10.20;3.99,0.000546,6.07,0.004751,18.20,0.000000
run_2_repetition_15,DONE,Knapsack,normal,0.000639;1.605028;9.407781,1.92;13.62;1.77,3.671149,5.77,11.017152,17.32,102.788823
run_3_repetition_15,DONE,Knapsack,memoized,0.000604;0.019337;0.019069,2.82;293.32;272.48,0.013003,189.54,0.041716,568.62,0.136991
run_4_repetition_15,DONE,Coin Change,normal,0.004332;0.106325;5.703921,6.12;5.35;4.64,1.938192,5.37,5.817758,16.11,55.978648
run_5_repetition_15,DONE,Coin Change,memoized,0.001267;0.000812;0.001084,6.55;5.68;5.31,0.001054,5.85,0.007404,17.54,0.000000
run_6_repetition_15,DONE,Levenshtein Distance,normal,0.009198;1.432208;7.921343,6.75;4.09;2.46,3.120916,4.43,9.366726,13.30,94.234131
run_7_repetition_15,DONE,Levenshtein Distance,memoized,0.001290;0.001344;0.000428,9.70;10.81;7.00,0.001021,9.17,0.006130,27.52,0.000000
run_8_repetition_15,DONE,Factorial,normal,0.002219;0.491946;1.745468,41.23;2120.77;3814.47,0.746544,1992.16,2.242871,5976.47,21.312437
run_9_repetition_15,DONE,Factorial,memoized,0.002772;0.580711;0.395589,52.83;16975.85;41979.58,0.326357,19669.42,0.982685,59008.26,4.119560
run_10_repetition_15,DONE,Matrix Chain Multiplication,normal,0.010097;0.336218;2.429479,4.64;3.10;2.31,0.925265,3.35,2.779066,10.04,21.557123
run_11_repetition_15,DONE,Matrix Chain Multiplication,memoized,0.001905;0.002494;0.000851,6.19;5.53;6.50,0.001750,6.07,0.008615,18.22,0.000000
run_12_repetition_15,DONE,Can I Win,normal,0.001607;0.725456;1.731709,3.27;2.38;1.46,0.819591,2.37,2.461707,7.12,20.850749
run_13_repetition_15,DONE,Can I Win,memoized,0.001713;0.036586;0.063415,6.41;142.80;289.01,0.033905,146.07,0.104598,438.22,0.341645
run_14_repetition_15,DONE,K-equal Sum Partitions,normal,0.001168;0.019336;0.111675,10.26;143.49;291.90,0.044060,148.55,0.134778,445.65,0.088268
run_15_repetition_15,DONE,K-equal Sum Partitions,memoized,0.001372;0.026998;0.179498,10.08;159.39;332.10,0.069289,167.19,0.211325,501.57,0.203055
run_16_repetition_15,DONE,All Possible Full Binary Trees,normal,0.003731;0.740983;2.435037,17.25;19781.12;65674.71,1.059917,28491.03,3.182926,85473.08,34.507194
run_17_repetition_15,DONE,All Possible Full Binary Trees,memoized,0.001391;0.084387;0.270056,5.23;3709.71;9214.40,0.118611,4309.78,0.358521,12929.34,0.796105
run_0_repetition_16,DONE,Fibonacci,normal,0.000543;0.635209;4.227742,3.66;8.51;2.38,1.621165,4.85,4.865671,14.55,35.973488
run_1_repetition_16,DONE,Fibonacci,memoized,0.000664;0.000583;0.000416,4.02;10.20;3.99,0.000554,6.07,0.005453,18.20,0.000000
run_2_repetition_16,DONE,Knapsack,normal,0.000616;1.554794;9.261179,1.92;13.62;1.77,3.605530,5.77,10.820276,17.32,106.092170
run_3_repetition_16,DONE,Knapsack,memoized,0.000805;0.019550;0.020587,2.82;293.32;272.48,0.013647,189.54,0.044424,568.62,0.082120
run_4_repetition_16,DONE,Coin Change,normal,0.004623;0.112903;5.779588,6.12;5.35;4.64,1.965705,5.37,5.900462,16.11,54.746967
run_5_repetition_16,DONE,Coin Change,memoized,0.001191;0.000864;0.001016,6.55;5.68;5.31,0.001024,5.85,0.006715,17.54,0.000000
run_6_repetition_16,DONE,Levenshtein Distance,normal,0.007159;1.426975;7.993742,6.75;4.09;2.46,3.142625,4.43,9.431049,13.30,91.273133
run_7_repetition_16,DONE,Levenshtein Distance,memoized,0.000952;0.001307;0.001023,9.70;10.81;7.00,0.001094,9.17,0.006490,27.52,0.000000
run_8_repetition_16,DONE,Factorial,normal,0.002158;0.486668;1.629861,41.23;2120.77;3814.47,0.706229,1992.16,2.122722,5976.47,16.555237
run_9_repetition_16,DONE,Factorial,memoized,0.002828;0.586480;0.372328,52.83;16975.85;41979.58,0.320545,19669.42,0.965635,59008.26,5.297012
run_10_repetition_16,DONE,Matrix Chain Multiplication,normal,0.009887;0.332853;2.338348,4.64;3.10;2.31,0.893696,3.35,2.683989,10.04,22.244107
run_11_repetition_16,DONE,Matrix Chain Multiplication,memoized,0.001020;0.002353;0.001907,6.19;5.53;6.50,0.001760,6.07,0.008515,18.22,0.000000
run_12_repetition_16,DONE,Can I Win,normal,0.003250;0.728685;1.664432,3.27;2.38;1.46,0.798789,2.37,2.399011,7.12,17.772780
run_13_repetition_16,DONE,Can I Win,memoized,0.001834;0.041907;0.063351,6.41;142.80;289.01,0.035697,146.07,0.110943,438.22,0.394610
run_14_repetition_16,DONE,K-equal Sum Partitions,normal,0.001173;0.023805;0.112424,10.26;143.49;291.90,0.045801,148.55,0.140278,445.65,0.216703
run_15_repetition_16,DONE,K-equal Sum Partitions,memoized,0.001333;0.025781;0.180475,10.08;159.39;332.10,0.069196,167.19,0.209833,501.57,0.182037
run_16_repetition_16,DONE,All Possible Full Binary Trees,normal,0.003715;0.699638;2.581357,17.25;19781.12;65674.71,1.094903,28491.03,3.287519,85473.08,28.452652
run_17_repetition_16,DONE,All Possible Full Binary Trees,memoized,0.001130;0.082521;0.259596,5.23;3709.71;9214.40,0.114416,4309.78,0.345602,12929.34,0.809366
run_0_repetition_17,DONE,Fibonacci,normal,0.000780;0.584591;3.979349,3.66;8.51;2.38,1.521574,4.85,4.568827,14.55,44.875077
run_1_repetition_17,DONE,Fibonacci,memoized,0.000735;0.000645;0.000312,4.02;10.20;3.99,0.000564,6.07,0.004644,18.20,0.000000
run_2_repetition_17,DONE,Knapsack,normal,0.000426;1.572112;9.549939,1.92;13.62;1.77,3.707492,5.77,11.125274,17.32,96.840696
run_3_repetition_17,DONE,Knapsack,memoized,0.000675;0.018537;0.019129,2.82;293.32;272.48,0.012780,189.54,0.041525,568.62,0.245584
run_4_repetition_17,DONE,Coin Change,normal,0.003774;0.103480;5.824738,6.12;5.35;4.64,1.977331,5.37,5.934387,16.11,41.760390
run_5_repetition_17,DONE,Coin Change,memoized,0.000710;0.000820;0.000618,6.55;5.68;5.31,0.000716,5.85,0.004417,17.54,0.000000
run_6_repetition_17,DONE,Levenshtein Distance,normal,0.008612;1.386626;8.000172,6.75;4.09;2.46,3.131803,4.43,9.398661,13.30,83.193499
run_7_repetition_17,DONE,Levenshtein Distance,memoized,0.001439;0.001182;0.000962,9.70;10.81;7.00,0.001194,9.17,0.007050,27.52,0.000000
run_8_repetition_17,DONE,Factorial,normal,0.002139;0.476156;1.769322,41.23;2120.77;3814.47,0.749206,1992.16,2.250337,5976.47,17.822750
run_9_repetition_17,DONE,Factorial,memoized,0.002661;0.680360;0.388136,52.83;16975.85;41979.58,0.357053,19669.42,1.073799,59008.26,9.014605
run_10_repetition_17,DONE,Matrix Chain Multiplication,normal,0.008939;0.325544;2.373092,4.64;3.10;2.31,0.902525,3.35,2.711091,10.04,20.513202
run_11_repetition_17,DONE,Matrix Chain Multiplication,memoized,0.002020;0.002076;0.001505,6.19;5.53;6.50,0.001867,6.07,0.009421,18.22,0.000000
run_12_repetition_17,DONE,Can I Win,normal,0.003230;0.864518;1.737596,3.27;2.38;1.46,0.868448,2.37,2.607914,7.12,15.222353
run_13_repetition_17,DONE,Can I Win,memoized,0.001813;0.054456;0.049940,6.41;142.80;289.01,0.035403,146.07,0.108917,438.22,0.762336
run_14_repetition_17,DONE,K-equal Sum Partitions,normal,0.001326;0.028793;0.115342,10.26;143.49;291.90,0.048487,148.55,0.148375,445.65,0.192989
run_15_repetition_17,DONE,K-equal Sum Partitions,memoized,0.001261;0.026539;0.179157,10.08;159.39;332.10,0.068986,167.19,0.209618,501.57,0.256738
run_16_repetition_17,DONE,All Possible Full Binary Trees,normal,0.001998;0.730203;2.433907,17.25;19781.12;65674.71,1.055369,28491.03,3.169788,85473.08,32.094127
run_17_repetition_17,DONE,All Possible Full Binary Trees,memoized,0.001312;0.079720;0.207102,5.23;3709.71;9214.40,0.096045,4309.78,0.290968,12929.34,0.798942
run_0_repetition_18,DONE,Fibonacci,normal,0.000789;0.616918;4.002575,3.66;8.51;2.38,1.540094,4.85,4.623544,14.55,43.708170
run_1_repetition_18,DONE,Fibonacci,memoized,0.000667;0.000586;0.000405,4.02;10.20;3.99,0.000553,6.07,0.005302,18.20,0.000000
run_2_repetition_18,DONE,Knapsack,normal,0.000511;1.606447;9.539994,1.92;13.62;1.77,3.715651,5.77,11.149816,17.32,115.061250
run_3_repetition_18,DONE,Knapsack,memoized,0.000796;0.019020;0.021484,2.82;293.32;272.48,0.013767,189.54,0.044694,568.62,0.182122
run_4_repetition_18,DONE,Coin Change,normal,0.002518;0.101848;5.801285,6.12;5.35;4.64,1.968550,5.37,5.909378,16.11,52.385368
run_5_repetition_18,DONE,Coin Change,memoized,0.001169;0.000906;0.000993,6.55;5.68;5.31,0.001023,5.85,0.007125,17.54,0.000000
run_6_repetition_18,DONE,Levenshtein Distance,normal,0.009625;1.439763;7.838127,6.75;4.09;2.46,3.095838,4.43,9.290437,13.30,81.809832
run_7_repetition_18,DONE,Levenshtein Distance,memoized,0.001327;0.001275;0.000992,9.70;10.81;7.00,0.001198,9.17,0.007385,27.52,0.000000
run_8_repetition_18,DONE,Factorial,normal,0.002397;0.495563;1.732341,41.23;2120.77;3814.47,0.743433,1992.16,2.232826,5976.47,18.839583
run_9_repetition_18,DONE,Factorial,memoized,0.002762;0.630034;0.405435,52.83;16975.85;41979.58,0.346077,19669.42,1.042659,59008.26,8.639939
run_10_repetition_18,DONE,Matrix Chain Multiplication,normal,0.008090;0.338597;2.359022,4.64;3.10;2.31,0.901903,3.35,2.708645,10.04,17.556039
run_11_repetition_18,DONE,Matrix Chain Multiplication,memoized,0.002096;0.002404;0.001954,6.19;5.53;6.50,0.002151,6.07,0.010297,18.22,0.000000
run_12_repetition_18,DONE,Can I Win,normal,0.003331;0.696121;1.498889,3.27;2.38;1.46,0.732780,2.37,2.201106,7.12,16.233001
run_13_repetition_18,DONE,Can I Win,memoized,0.001828;0.036253;0.061318,6.41;142.80;289.01,0.033133,146.07,0.102466,438.22,0.415821
run_14_repetition_18,DONE,K-equal Sum Partitions,normal,0.001227;0.027243;0.110970,10.26;143.49;291.90,0.046480,148.55,0.142157,445.65,0.302053
run_15_repetition_18,DONE,K-equal Sum Partitions,memoized,0.000657;0.024882;0.180715,10.08;159.39;332.10,0.068751,167.19,0.209025,501.57,0.220299
run_16_repetition_18,DONE,All Possible Full Binary Trees,normal,0.003404;0.642736;2.678525,17.25;19781.12;65674.71,1.108222,28491.03,3.327832,85473.08,30.969324
run_17_repetition_18,DONE,All Possible Full Binary Trees,memoized,0.001456;0.081826;0.263817,5.23;3709.71;9214.40,0.115700,4309.78,0.350291,12929.34,0.934703
run_0_repetition_19,DONE,Fibonacci,normal,0.000763;0.627750;4.025824,3.66;8.51;2.38,1.551446,4.85,4.657979,14.55,34.957839
run_1_repetition_19,DONE,Fibonacci,memoized,0.000641;0.000597;0.000251,4.02;10.20;3.99,0.000496,6.07,0.004003,18.20,0.000000
run_2_repetition_19,DONE,Knapsack,normal,0.000562;1.591479;9.258155,1.92;13.62;1.77,3.616732,5.77,10.852406,17.32,90.024950
run_3_repetition_19,DONE,Knapsack,memoized,0.000684;0.017088;0.022267,2.82;293.32;272.48,0.013346,189.54,0.043909,568.62,0.178769
run_4_repetition_19,DONE,Coin Change,normal,0.003253;0.102114;5.581637,6.12;5.35;4.64,1.895668,5.37,5.690347,16.11,47.482363
run_5_repetition_19,DONE,Coin Change,memoized,0.001144;0.000886;0.000940,6.55;5.68;5.31,0.000990,5.85,0.005429,17.54,0.000000
run_6_repetition_19,DONE,Levenshtein Distance,normal,0.007161;1.456640;8.596157,6.75;4.09;2.46,3.353319,4.43,10.063949,13.30,108.343250
run_7_repetition_19,DONE,Levenshtein Distance,memoized,0.001430;0.001285;0.000961,9.70;10.81;7.00,0.001226,9.17,0.006587,27.52,0.000000
run_8_repetition_19,DONE,Factorial,normal,0.002315;0.526610;1.600881,41.23;2120.77;3814.47,0.709935,1992.16,2.133897,5976.47,23.936370
run_9_repetition_19,DONE,Factorial,memoized,0.001948;0.497225;0.407379,52.83;16975.85;41979.58,0.302184,19669.42,0.909956,59008.26,6.181531
run_10_repetition_19,DONE,Matrix Chain Multiplication,normal,0.008763;0.362580;2.299855,4.64;3.10;2.31,0.890399,3.35,2.673643,10.04,18.328332
run_11_repetition_19,DONE,Matrix Chain Multiplication,memoized,0.002089;0.002108;0.001751,6.19;5.53;6.50,0.001983,6.07,0.008893,18.22,0.091296
run_12_repetition_19,DONE,Can I Win,normal,0.003034;0.664502;1.525009,3.27;2.38;1.46,0.730848,2.37,2.195929,7.12,26.234171
run_13_repetition_19,DONE,Can I Win,memoized,0.001277;0.041184;0.063026,6.41;142.80;289.01,0.035162,146.07,0.107789,438.22,0.537776
run_14_repetition_19,DONE,K-equal Sum Partitions,normal,0.001217;0.024189;0.114936,10.26;143.49;291.90,0.046781,148.55,0.143547,445.65,0.214693
run_15_repetition_19,DONE,K-equal Sum Partitions,memoized,0.001329;0.028801;0.184434,10.08;159.39;332.10,0.071521,167.19,0.217422,501.57,0.241756
run_16_repetition_19,DONE,All Possible Full Binary Trees,normal,0.003506;0.764890;2.427339,17.25;19781.12;65674.71,1.065245,28491.03,3.199774,85473.08,26.400471
run_17_repetition_19,DONE,All Possible Full Binary Trees,memoized,0.000715;0.083516;0.260165,5.23;3709.71;9214.40,0.114799,4309.78,0.347469,12929.34,0.926133
